{"Most_dysphoric_ritual_frequency_for_ritual_specialist": {"class_counts": [["yearly", 36], ["not applicable", 5], ["seasonally", 5], ["monthly", 2], ["weekly", 1], ["annually", 1], ["once per generation", 1], ["once in a lifetime", 1]], "avg_precision": 1.0, "avg_recall": 1.0, "avg_f1": 1.0, "avg_accuracy": 1.0, "weighted_precision": 1.0, "weighted_recall": 1.0, "weighted_f1": 1.0, "weighted_accuracy": 1.0, "class_precision": [1.0, 1.0, 1.0, 1.0, 1.0, 1.0, 1.0, 1.0], "class_recall": [1.0, 1.0, 1.0, 1.0, 1.0, 1.0, 1.0, 1.0], "class_f1": [1.0, 1.0, 1.0, 1.0, 1.0, 1.0, 1.0, 1.0], "class_accuracy": 1.0, "num_classes": 8, "num_applicable_rows": 52, "confusion_matrix": [["yearly", [["yearly", 36]]], ["not applicable", [["not applicable", 5]]], ["seasonally", [["seasonally", 5]]], ["monthly", [["monthly", 2]]], ["weekly", [["weekly", 1]]], ["annually", [["annually", 1]]], ["once per generation", [["once per generation", 1]]], ["once in a lifetime", [["once in a lifetime", 1]]]], "precision_recall_curves": {"yearly": {"precision": [1.0, 1.0, 1.0, 1.0, 1.0, 1.0, 1.0, 1.0, 1.0, 1.0, 1.0], "recall": [1.0, 0.9722222222222222, 0.9444444444444444, 0.9166666666666666, 0.8888888888888888, 0.8333333333333334, 0.8055555555555556, 0.7777777777777778, 0.75, 0.6944444444444444, 0.0], "thresholds": [0.9995773434638977, 0.9999902248382568, 0.9999963045120239, 0.999996542930603, 0.9999990463256836, 0.9999994039535522, 0.9999996423721313, 0.9999997615814209, 0.9999998807907104, 1.0]}, "not applicable": {"precision": [1.0, 1.0, 1.0, 1.0], "recall": [1.0, 0.8, 0.6, 0.0], "thresholds": [0.9998512268066406, 0.999998927116394, 1.0]}, "seasonally": {"precision": [1.0, 1.0, 1.0, 1.0, 1.0], "recall": [1.0, 0.8, 0.6, 0.4, 0.0], "thresholds": [0.9999988079071045, 0.9999990463256836, 0.9999996423721313, 0.9999997615814209]}, "weekly": {"precision": [1.0, 1.0], "recall": [1.0, 0.0], "thresholds": [1.0]}, "monthly": {"precision": [1.0, 1.0, 1.0], "recall": [1.0, 0.5, 0.0], "thresholds": [0.999998927116394, 0.9999998807907104]}, "once per generation": {"precision": [1.0, 1.0], "recall": [1.0, 0.0], "thresholds": [0.9999982118606567]}, "once in a lifetime": {"precision": [1.0, 1.0], "recall": [1.0, 0.0], "thresholds": [0.9999998807907104]}, "annually": {"precision": [1.0, 1.0], "recall": [1.0, 0.0], "thresholds": [0.9999858140945435]}}}}