{"Bureaucracy_source_of_support": {"class_counts": [["state salary", 26], ["none", 20], ["0", 20], ["governed population", 6], ["0.1", 5], ["land", 5], ["state", 2], ["state salary land", 1]], "avg_precision": 0.9642857142857143, "avg_recall": 0.9903846153846154, "avg_f1": 0.9741666666666666, "avg_accuracy": 0.9764705882352941, "weighted_precision": 0.9831932773109243, "weighted_recall": 0.9764705882352941, "weighted_f1": 0.9779607843137255, "weighted_accuracy": 0.9764705882352941, "class_precision": [1.0, 1.0, 1.0, 1.0, 1.0, 0.7142857142857143, 1.0, 1.0], "class_recall": [0.9230769230769231, 1.0, 1.0, 1.0, 1.0, 1.0, 1.0, 1.0], "class_f1": [0.9600000000000001, 1.0, 1.0, 1.0, 1.0, 0.8333333333333333, 1.0, 1.0], "class_accuracy": 0.9764705882352941, "num_classes": 8, "num_applicable_rows": 85, "confusion_matrix": [["state salary", [["state salary", 24], ["land", 2]]], ["none", [["none", 20]]], ["0", [["0", 20]]], ["governed population", [["governed population", 6]]], ["0.1", [["0.1", 5]]], ["land", [["land", 5]]], ["state", [["state", 2]]], ["state salary land", [["state salary land", 1]]]], "precision_recall_curves": {"state salary": {"precision": [0.9629629629629629, 0.9615384615384616, 1.0, 1.0, 1.0, 1.0, 1.0, 1.0, 1.0, 1.0, 1.0, 1.0, 1.0, 1.0, 1.0, 1.0, 1.0, 1.0, 1.0, 1.0, 1.0, 1.0, 1.0, 1.0, 1.0, 1.0, 1.0, 1.0], "recall": [1.0, 0.9615384615384616, 0.9615384615384616, 0.9230769230769231, 0.8846153846153846, 0.8461538461538461, 0.8076923076923077, 0.7692307692307693, 0.7307692307692307, 0.6923076923076923, 0.6538461538461539, 0.6153846153846154, 0.5769230769230769, 0.5384615384615384, 0.5, 0.46153846153846156, 0.4230769230769231, 0.38461538461538464, 0.34615384615384615, 0.3076923076923077, 0.2692307692307692, 0.23076923076923078, 0.19230769230769232, 0.15384615384615385, 0.11538461538461539, 0.07692307692307693, 0.038461538461538464, 0.0], "thresholds": [0.023189354687929153, 0.06714335829019547, 0.3386272192001343, 0.5633423924446106, 0.892869770526886, 0.9400231838226318, 0.9475716948509216, 0.9750106930732727, 0.9781226515769958, 0.9794252514839172, 0.994139552116394, 0.9959473013877869, 0.9976697564125061, 0.9979654550552368, 0.9983526468276978, 0.9984350800514221, 0.9984500408172607, 0.998704195022583, 0.9987710118293762, 0.9989851117134094, 0.9995520710945129, 0.9997355341911316, 0.9998708963394165, 0.9998964071273804, 0.9999196529388428, 0.9999791383743286, 0.9999793767929077]}, "0": {"precision": [1.0, 1.0, 1.0, 1.0, 1.0, 1.0, 1.0, 1.0, 1.0, 1.0, 1.0, 1.0, 1.0, 1.0, 1.0, 1.0, 1.0], "recall": [1.0, 0.95, 0.9, 0.85, 0.8, 0.75, 0.5, 0.45, 0.4, 0.35, 0.3, 0.25, 0.2, 0.15, 0.1, 0.05, 0.0], "thresholds": [0.9987039566040039, 0.9987055063247681, 0.9991816878318787, 0.999454915523529, 0.9998089671134949, 0.9998476505279541, 0.9998477697372437, 0.9998618364334106, 0.9998623132705688, 0.9998626708984375, 0.9998705387115479, 0.9999091625213623, 0.9999092817306519, 0.9999094009399414, 0.9999374151229858, 0.999964714050293]}, "land": {"precision": [1.0, 1.0, 1.0, 1.0, 1.0, 1.0], "recall": [1.0, 0.8, 0.6, 0.4, 0.2, 0.0], "thresholds": [0.9780349731445312, 0.9893955588340759, 0.9985404014587402, 0.9995126724243164, 0.9999278783798218]}, "none": {"precision": [1.0, 1.0, 1.0, 1.0, 1.0, 1.0, 1.0, 1.0, 1.0, 1.0, 1.0, 1.0, 1.0, 1.0, 1.0, 1.0, 1.0], "recall": [1.0, 0.95, 0.85, 0.8, 0.75, 0.7, 0.65, 0.6, 0.55, 0.5, 0.45, 0.4, 0.35, 0.3, 0.2, 0.15, 0.0], "thresholds": [0.9866049885749817, 0.9946883916854858, 0.9990097284317017, 0.9990124702453613, 0.9994680285453796, 0.9994736313819885, 0.9997487664222717, 0.9998315572738647, 0.9998317956924438, 0.9998323917388916, 0.9998332262039185, 0.999970555305481, 0.9999707937240601, 0.999971866607666, 0.9999991655349731, 0.9999998807907104]}, "governed population": {"precision": [1.0, 1.0, 1.0, 1.0, 1.0, 1.0, 1.0], "recall": [1.0, 0.8333333333333334, 0.6666666666666666, 0.5, 0.3333333333333333, 0.16666666666666666, 0.0], "thresholds": [0.8680420517921448, 0.9780020117759705, 0.9888705611228943, 0.9963692426681519, 0.9969866871833801, 0.9999014139175415]}, "0.1": {"precision": [1.0, 1.0, 1.0, 1.0, 1.0, 1.0], "recall": [1.0, 0.8, 0.6, 0.4, 0.2, 0.0], "thresholds": [0.9942832589149475, 0.9962508082389832, 0.9962528944015503, 0.9979724287986755, 0.9979875087738037]}, "state": {"precision": [1.0, 1.0, 1.0], "recall": [1.0, 0.5, 0.0], "thresholds": [0.8979074358940125, 0.994460940361023]}, "state salary land": {"precision": [1.0, 1.0], "recall": [1.0, 0.0], "thresholds": [0.9673509001731873]}}}}