{"Bureaucracy_source_of_support": {"class_counts": [["state salary", 26], ["0.0", 20], ["none", 20], ["governed population", 6], ["land", 5], ["0.1", 5], ["state", 2], ["state salary land", 1]], "avg_precision": 0.9791666666666667, "avg_recall": 0.9951923076923077, "avg_f1": 0.9861853832442068, "avg_accuracy": 0.9882352941176471, "weighted_precision": 0.9901960784313726, "weighted_recall": 0.9882352941176471, "weighted_f1": 0.9886547132221872, "weighted_accuracy": 0.9882352941176471, "class_precision": [1.0, 1.0, 1.0, 1.0, 0.8333333333333334, 1.0, 1.0, 1.0], "class_recall": [0.9615384615384616, 1.0, 1.0, 1.0, 1.0, 1.0, 1.0, 1.0], "class_f1": [0.9803921568627451, 1.0, 1.0, 1.0, 0.9090909090909091, 1.0, 1.0, 1.0], "class_accuracy": 0.9882352941176471, "num_classes": 8, "num_applicable_rows": 85, "confusion_matrix": [["state salary", [["state salary", 25], ["land", 1]]], ["0.0", [["0.0", 20]]], ["none", [["none", 20]]], ["governed population", [["governed population", 6]]], ["land", [["land", 5]]], ["0.1", [["0.1", 5]]], ["state", [["state", 2]]], ["state salary land", [["state salary land", 1]]]], "precision_recall_curves": {"state salary": {"precision": [1.0, 1.0, 1.0, 1.0, 1.0, 1.0, 1.0, 1.0, 1.0, 1.0, 1.0, 1.0, 1.0, 1.0, 1.0, 1.0, 1.0, 1.0, 1.0, 1.0, 1.0, 1.0, 1.0, 1.0, 1.0], "recall": [1.0, 0.9615384615384616, 0.9230769230769231, 0.8846153846153846, 0.8461538461538461, 0.8076923076923077, 0.7692307692307693, 0.7307692307692307, 0.6923076923076923, 0.6538461538461539, 0.6153846153846154, 0.5769230769230769, 0.5384615384615384, 0.5, 0.46153846153846156, 0.4230769230769231, 0.38461538461538464, 0.34615384615384615, 0.3076923076923077, 0.2692307692307692, 0.23076923076923078, 0.19230769230769232, 0.15384615384615385, 0.11538461538461539, 0.0], "thresholds": [0.05437043681740761, 0.9884769916534424, 0.9971122741699219, 0.998279333114624, 0.9983041286468506, 0.9985151886940002, 0.9986924529075623, 0.9991625547409058, 0.9995965361595154, 0.9997919201850891, 0.9998984336853027, 0.9999052286148071, 0.9999330043792725, 0.9999412298202515, 0.9999750852584839, 0.9999774694442749, 0.999984860420227, 0.9999938011169434, 0.999994158744812, 0.9999946355819702, 0.9999951124191284, 0.9999982118606567, 0.9999998807907104, 1.0]}, "0.0": {"precision": [1.0, 1.0, 1.0, 1.0, 1.0, 1.0, 1.0, 1.0, 1.0, 1.0, 1.0, 1.0, 1.0, 1.0, 1.0], "recall": [1.0, 0.95, 0.9, 0.85, 0.8, 0.75, 0.7, 0.55, 0.5, 0.45, 0.3, 0.15, 0.1, 0.05, 0.0], "thresholds": [0.9997472167015076, 0.9997755885124207, 0.9999678134918213, 0.9999778270721436, 0.9999855756759644, 0.9999856948852539, 0.9999858140945435, 0.999985933303833, 0.9999953508377075, 0.9999973773956299, 0.9999980926513672, 0.9999994039535522, 0.9999997615814209, 1.0]}, "land": {"precision": [1.0, 1.0, 1.0, 1.0, 1.0, 1.0], "recall": [1.0, 0.8, 0.6, 0.4, 0.2, 0.0], "thresholds": [0.9924348592758179, 0.9953343272209167, 0.9999159574508667, 0.9999239444732666, 0.999951958656311]}, "none": {"precision": [1.0, 1.0, 1.0, 1.0, 1.0, 1.0, 1.0, 1.0, 1.0, 1.0, 1.0, 1.0, 1.0], "recall": [1.0, 0.95, 0.9, 0.85, 0.8, 0.75, 0.7, 0.65, 0.6, 0.45, 0.25, 0.2, 0.0], "thresholds": [0.9989629983901978, 0.9996522665023804, 0.9996557235717773, 0.9999672174453735, 0.9999710321426392, 0.9999904632568359, 0.9999909400939941, 0.9999973773956299, 0.9999974966049194, 0.9999990463256836, 0.9999992847442627, 1.0]}, "governed population": {"precision": [1.0, 1.0, 1.0, 1.0, 1.0, 1.0, 1.0], "recall": [1.0, 0.8333333333333334, 0.6666666666666666, 0.5, 0.3333333333333333, 0.16666666666666666, 0.0], "thresholds": [0.9857844710350037, 0.9978426694869995, 0.9986922144889832, 0.9996950626373291, 0.9998821020126343, 0.9999778270721436]}, "0.1": {"precision": [1.0, 1.0, 1.0, 1.0, 1.0, 1.0], "recall": [1.0, 0.8, 0.6, 0.4, 0.2, 0.0], "thresholds": [0.9995575547218323, 0.9998107552528381, 0.9998108744621277, 0.999940037727356, 0.9999444484710693]}, "state": {"precision": [1.0, 1.0, 1.0], "recall": [1.0, 0.5, 0.0], "thresholds": [0.997280478477478, 0.9999643564224243]}, "state salary land": {"precision": [1.0, 1.0], "recall": [1.0, 0.0], "thresholds": [0.996647298336029]}}}}