{"Bureaucracy_source_of_support": {"class_counts": [["state salary", 26], ["0", 20], ["none", 20], ["governed population", 6], ["0.1", 5], ["land", 5], ["state", 2], ["state salary land", 1]], "avg_precision": 0.9642857142857143, "avg_recall": 0.9903846153846154, "avg_f1": 0.9741666666666666, "avg_accuracy": 0.9764705882352941, "weighted_precision": 0.9831932773109243, "weighted_recall": 0.9764705882352941, "weighted_f1": 0.9779607843137255, "weighted_accuracy": 0.9764705882352941, "class_precision": [1.0, 1.0, 1.0, 1.0, 1.0, 0.7142857142857143, 1.0, 1.0], "class_recall": [0.9230769230769231, 1.0, 1.0, 1.0, 1.0, 1.0, 1.0, 1.0], "class_f1": [0.9600000000000001, 1.0, 1.0, 1.0, 1.0, 0.8333333333333333, 1.0, 1.0], "class_accuracy": 0.9764705882352941, "num_classes": 8, "num_applicable_rows": 85, "confusion_matrix": [["state salary", [["state salary", 24], ["land", 2]]], ["0", [["0", 20]]], ["none", [["none", 20]]], ["governed population", [["governed population", 6]]], ["0.1", [["0.1", 5]]], ["land", [["land", 5]]], ["state", [["state", 2]]], ["state salary land", [["state salary land", 1]]]], "precision_recall_curves": {"state salary": {"precision": [0.9629629629629629, 0.9615384615384616, 1.0, 1.0, 1.0, 1.0, 1.0, 1.0, 1.0, 1.0, 1.0, 1.0, 1.0, 1.0, 1.0, 1.0, 1.0, 1.0, 1.0, 1.0, 1.0, 1.0, 1.0, 1.0, 1.0, 1.0, 1.0, 1.0], "recall": [1.0, 0.9615384615384616, 0.9615384615384616, 0.9230769230769231, 0.8846153846153846, 0.8461538461538461, 0.8076923076923077, 0.7692307692307693, 0.7307692307692307, 0.6923076923076923, 0.6538461538461539, 0.6153846153846154, 0.5769230769230769, 0.5384615384615384, 0.5, 0.46153846153846156, 0.4230769230769231, 0.38461538461538464, 0.34615384615384615, 0.3076923076923077, 0.2692307692307692, 0.23076923076923078, 0.19230769230769232, 0.15384615384615385, 0.11538461538461539, 0.07692307692307693, 0.038461538461538464, 0.0], "thresholds": [0.02870722860097885, 0.05513921007514, 0.3286518156528473, 0.5197703242301941, 0.9105160236358643, 0.9333168268203735, 0.9758303761482239, 0.9873114824295044, 0.9900944828987122, 0.9935576319694519, 0.997448742389679, 0.9983318448066711, 0.9990130662918091, 0.999409556388855, 0.9994151592254639, 0.9995610117912292, 0.999653697013855, 0.999692440032959, 0.9997348189353943, 0.9997610449790955, 0.9999653100967407, 0.9999722242355347, 0.9999951124191284, 0.9999983310699463, 0.9999997615814209, 0.9999998807907104, 1.0]}, "0": {"precision": [1.0, 1.0, 1.0, 1.0, 1.0, 1.0, 1.0, 1.0, 1.0, 1.0, 1.0, 1.0, 1.0], "recall": [1.0, 0.95, 0.9, 0.85, 0.8, 0.75, 0.65, 0.6, 0.55, 0.4, 0.1, 0.05, 0.0], "thresholds": [0.9997355341911316, 0.9997356534004211, 0.9999098777770996, 0.9999492168426514, 0.9999769926071167, 0.9999771118164062, 0.9999802112579346, 0.9999803304672241, 0.9999827146530151, 0.9999828338623047, 0.9999904632568359, 0.999993085861206]}, "land": {"precision": [1.0, 1.0, 1.0, 1.0, 1.0, 1.0], "recall": [1.0, 0.8, 0.6, 0.4, 0.2, 0.0], "thresholds": [0.9837366938591003, 0.9896112680435181, 0.99969482421875, 0.9999023675918579, 0.9999915361404419]}, "none": {"precision": [1.0, 1.0, 1.0, 1.0, 1.0, 1.0, 1.0, 1.0, 1.0, 1.0, 1.0, 1.0, 1.0, 1.0], "recall": [1.0, 0.95, 0.9, 0.85, 0.8, 0.75, 0.7, 0.65, 0.6, 0.5, 0.4, 0.3, 0.2, 0.0], "thresholds": [0.9920409321784973, 0.9974328875541687, 0.9974334836006165, 0.9998010993003845, 0.9998887777328491, 0.9998891353607178, 0.9999626874923706, 0.9999635219573975, 0.9999910593032837, 0.9999911785125732, 0.999997615814209, 0.9999977350234985, 1.0]}, "governed population": {"precision": [1.0, 1.0, 1.0, 1.0, 1.0, 1.0, 1.0], "recall": [1.0, 0.8333333333333334, 0.6666666666666666, 0.5, 0.3333333333333333, 0.16666666666666666, 0.0], "thresholds": [0.9314685463905334, 0.9911832809448242, 0.99397873878479, 0.9943021535873413, 0.9989972710609436, 0.9999970197677612]}, "0.1": {"precision": [1.0, 1.0, 1.0, 1.0, 1.0, 1.0], "recall": [1.0, 0.8, 0.6, 0.4, 0.2, 0.0], "thresholds": [0.9984996318817139, 0.9988579750061035, 0.9988588094711304, 0.9996993541717529, 0.9997040629386902]}, "state": {"precision": [1.0, 1.0, 1.0], "recall": [1.0, 0.5, 0.0], "thresholds": [0.9198818802833557, 0.996921718120575]}, "state salary land": {"precision": [1.0, 1.0], "recall": [1.0, 0.0], "thresholds": [0.981487512588501]}}}}