{"Largest_scale_ritual_frequency_per_participant": {"class_counts": [["yearly", 41], ["once in a lifetime", 16], ["once per generation", 12], ["seasonally", 8], ["weekly", 1], ["monthly/seasonal", 1]], "avg_precision": 0.996031746031746, "avg_recall": 0.986111111111111, "avg_f1": 0.9907455910598917, "avg_accuracy": 0.9873417721518988, "weighted_precision": 0.9876431585292345, "weighted_recall": 0.9873417721518988, "weighted_f1": 0.9871428476702628, "weighted_accuracy": 0.9873417721518988, "class_precision": [0.9761904761904762, 1.0, 1.0, 1.0, 1.0, 1.0], "class_recall": [1.0, 1.0, 0.9166666666666666, 1.0, 1.0, 1.0], "class_f1": [0.9879518072289156, 1.0, 0.9565217391304348, 1.0, 1.0, 1.0], "class_accuracy": 0.9873417721518988, "num_classes": 6, "num_applicable_rows": 79, "confusion_matrix": [["yearly", [["yearly", 41]]], ["once in a lifetime", [["once in a lifetime", 16]]], ["once per generation", [["once per generation", 11], ["yearly", 1]]], ["seasonally", [["seasonally", 8]]], ["weekly", [["weekly", 1]]], ["monthly/seasonal", [["monthly/seasonal", 1]]]], "precision_recall_curves": {"yearly": {"precision": [1.0, 1.0, 1.0, 1.0, 1.0, 1.0, 1.0, 1.0, 1.0, 1.0, 1.0, 1.0, 1.0, 1.0, 1.0, 1.0, 1.0, 1.0, 1.0, 1.0, 1.0, 1.0, 1.0, 1.0, 1.0, 1.0, 1.0, 1.0, 1.0, 1.0, 1.0, 1.0, 1.0, 1.0, 1.0], "recall": [1.0, 0.975609756097561, 0.9512195121951219, 0.926829268292683, 0.9024390243902439, 0.8780487804878049, 0.8536585365853658, 0.8292682926829268, 0.8048780487804879, 0.7804878048780488, 0.7560975609756098, 0.7317073170731707, 0.7073170731707317, 0.6829268292682927, 0.6585365853658537, 0.6341463414634146, 0.6097560975609756, 0.5853658536585366, 0.5609756097560976, 0.5365853658536586, 0.5121951219512195, 0.4878048780487805, 0.4634146341463415, 0.43902439024390244, 0.4146341463414634, 0.3902439024390244, 0.36585365853658536, 0.34146341463414637, 0.3170731707317073, 0.2926829268292683, 0.2682926829268293, 0.24390243902439024, 0.21951219512195122, 0.1951219512195122, 0.0], "thresholds": [0.9626325368881226, 0.9822096824645996, 0.9863014221191406, 0.9901903867721558, 0.995625376701355, 0.9963127970695496, 0.9972317814826965, 0.9974949359893799, 0.9979735016822815, 0.9990167617797852, 0.9996039271354675, 0.9997280240058899, 0.9997596144676208, 0.9998700618743896, 0.9998719692230225, 0.9998999834060669, 0.9999021291732788, 0.9999042749404907, 0.9999486207962036, 0.9999573230743408, 0.9999628067016602, 0.9999641180038452, 0.999968409538269, 0.999984622001648, 0.999988317489624, 0.9999934434890747, 0.9999940395355225, 0.9999942779541016, 0.9999970197677612, 0.9999984502792358, 0.9999990463256836, 0.9999997615814209, 0.9999998807907104, 1.0]}, "once in a lifetime": {"precision": [1.0, 1.0, 1.0, 1.0, 1.0, 1.0, 1.0, 1.0, 1.0, 1.0, 1.0, 1.0, 1.0, 1.0, 1.0, 1.0, 1.0], "recall": [1.0, 0.9375, 0.875, 0.8125, 0.75, 0.6875, 0.625, 0.5625, 0.5, 0.4375, 0.375, 0.3125, 0.25, 0.1875, 0.125, 0.0625, 0.0], "thresholds": [0.7601388692855835, 0.9831563830375671, 0.9838797450065613, 0.9885249733924866, 0.9958472847938538, 0.9974020719528198, 0.9984461665153503, 0.9989004135131836, 0.9990144968032837, 0.9991913437843323, 0.9997960925102234, 0.9999164342880249, 0.9999186992645264, 0.9999752044677734, 0.9999940395355225, 1.0]}, "seasonally": {"precision": [1.0, 1.0, 1.0, 1.0, 1.0, 1.0, 1.0, 1.0], "recall": [1.0, 0.875, 0.75, 0.625, 0.5, 0.375, 0.125, 0.0], "thresholds": [0.9895151853561401, 0.9897514581680298, 0.9958047270774841, 0.9999707937240601, 0.9999715089797974, 0.9999738931655884, 0.999976396560669]}, "once per generation": {"precision": [0.4, 0.3793103448275862, 0.39285714285714285, 0.4074074074074074, 0.4230769230769231, 0.44, 0.4583333333333333, 0.4782608695652174, 0.5, 0.5238095238095238, 0.55, 0.5789473684210527, 0.6111111111111112, 0.6470588235294118, 0.6875, 0.7333333333333333, 0.7857142857142857, 0.8461538461538461, 0.9166666666666666, 1.0, 1.0, 1.0, 1.0, 1.0, 1.0, 1.0, 1.0, 1.0, 1.0, 1.0], "recall": [1.0, 0.9166666666666666, 0.9166666666666666, 0.9166666666666666, 0.9166666666666666, 0.9166666666666666, 0.9166666666666666, 0.9166666666666666, 0.9166666666666666, 0.9166666666666666, 0.9166666666666666, 0.9166666666666666, 0.9166666666666666, 0.9166666666666666, 0.9166666666666666, 0.9166666666666666, 0.9166666666666666, 0.9166666666666666, 0.9166666666666666, 0.9166666666666666, 0.8333333333333334, 0.75, 0.6666666666666666, 0.5833333333333334, 0.5, 0.4166666666666667, 0.3333333333333333, 0.25, 0.08333333333333333, 0.0], "thresholds": [2.6144530238525476e-06, 3.706350071297493e-06, 3.894223027600674e-06, 5.342772965377662e-06, 5.533242074307054e-06, 7.431933681800729e-06, 1.8761764295049943e-05, 2.4419467081315815e-05, 2.442363438603934e-05, 2.4904653400881216e-05, 2.6915968192042783e-05, 2.8451082471292466e-05, 4.555601117317565e-05, 5.063572825747542e-05, 0.00011260313476668671, 0.00013711076462641358, 0.0001371251419186592, 0.00014102831482887268, 0.0013073458103463054, 0.9984509944915771, 0.999104917049408, 0.9994951486587524, 0.9995818734169006, 0.9999264478683472, 0.9999395608901978, 0.9999719858169556, 0.9999781847000122, 0.9999921321868896, 0.9999922513961792]}, "monthly/seasonal": {"precision": [1.0, 1.0], "recall": [1.0, 0.0], "thresholds": [0.9995391368865967]}, "weekly": {"precision": [1.0, 1.0], "recall": [1.0, 0.0], "thresholds": [0.9984784722328186]}}}}