{"Most_euphoric_ritual_frequency_for_audience": {"class_counts": [["not applicable", 49], ["yearly", 17], ["once per generation", 3], ["seasonally", 2], ["once in a lifetime", 1]], "avg_precision": 1.0, "avg_recall": 1.0, "avg_f1": 1.0, "avg_accuracy": 1.0, "weighted_precision": 1.0, "weighted_recall": 1.0, "weighted_f1": 1.0, "weighted_accuracy": 1.0, "class_precision": [1.0, 1.0, 1.0, 1.0, 1.0], "class_recall": [1.0, 1.0, 1.0, 1.0, 1.0], "class_f1": [1.0, 1.0, 1.0, 1.0, 1.0], "class_accuracy": 1.0, "num_classes": 5, "num_applicable_rows": 72, "confusion_matrix": [["not applicable", [["not applicable", 49]]], ["yearly", [["yearly", 17]]], ["once per generation", [["once per generation", 3]]], ["seasonally", [["seasonally", 2]]], ["once in a lifetime", [["once in a lifetime", 1]]]], "precision_recall_curves": {"not applicable": {"precision": [1.0, 1.0, 1.0, 1.0, 1.0, 1.0, 1.0, 1.0, 1.0, 1.0, 1.0, 1.0, 1.0, 1.0, 1.0, 1.0], "recall": [1.0, 0.9795918367346939, 0.9591836734693877, 0.9387755102040817, 0.9183673469387755, 0.8979591836734694, 0.8775510204081632, 0.8367346938775511, 0.8163265306122449, 0.7959183673469388, 0.7755102040816326, 0.7551020408163265, 0.7346938775510204, 0.6530612244897959, 0.5714285714285714, 0.0], "thresholds": [0.9955101013183594, 0.9988975524902344, 0.9999927282333374, 0.9999943971633911, 0.9999961853027344, 0.9999966621398926, 0.9999985694885254, 0.9999986886978149, 0.9999991655349731, 0.9999994039535522, 0.9999995231628418, 0.9999996423721313, 0.9999997615814209, 0.9999998807907104, 1.0]}, "yearly": {"precision": [1.0, 1.0, 1.0, 1.0, 1.0, 1.0, 1.0, 1.0, 1.0], "recall": [1.0, 0.9411764705882353, 0.8823529411764706, 0.7647058823529411, 0.7058823529411765, 0.5882352941176471, 0.5294117647058824, 0.35294117647058826, 0.0], "thresholds": [0.9999591112136841, 0.999992847442627, 0.999997615814209, 0.9999992847442627, 0.9999995231628418, 0.9999996423721313, 0.9999997615814209, 1.0]}, "once per generation": {"precision": [1.0, 1.0, 1.0, 1.0], "recall": [1.0, 0.6666666666666666, 0.3333333333333333, 0.0], "thresholds": [0.999997615814209, 0.9999991655349731, 0.9999992847442627]}, "seasonally": {"precision": [1.0, 1.0, 1.0], "recall": [1.0, 0.5, 0.0], "thresholds": [0.9999973773956299, 0.9999995231628418]}, "once in a lifetime": {"precision": [1.0, 1.0], "recall": [1.0, 0.0], "thresholds": [0.9999980926513672]}}}}