{"Most_euphoric_ritual_frequency_for_audience": {"class_counts": [["not applicable", 50], ["yearly", 21], ["once per generation", 2], ["seasonally", 1]], "avg_precision": 0.9782608695652174, "avg_recall": 0.99, "avg_f1": 0.9835343228200372, "avg_accuracy": 0.972972972972973, "weighted_precision": 0.9753231492361926, "weighted_recall": 0.972972972972973, "weighted_f1": 0.9733114375971518, "weighted_accuracy": 0.972972972972973, "class_precision": [1.0, 0.9130434782608695, 1.0, 1.0], "class_recall": [0.96, 1.0, 1.0, 1.0], "class_f1": [0.9795918367346939, 0.9545454545454545, 1.0, 1.0], "class_accuracy": 0.972972972972973, "num_classes": 4, "num_applicable_rows": 74, "confusion_matrix": [["not applicable", [["not applicable", 48], ["yearly", 2]]], ["yearly", [["yearly", 21]]], ["once per generation", [["once per generation", 2]]], ["seasonally", [["seasonally", 1]]]], "precision_recall_curves": {"not applicable": {"precision": [0.9803921568627451, 0.98, 1.0, 1.0, 1.0, 1.0, 1.0, 1.0, 1.0, 1.0, 1.0, 1.0, 1.0, 1.0, 1.0, 1.0, 1.0, 1.0, 1.0, 1.0, 1.0, 1.0, 1.0, 1.0, 1.0, 1.0, 1.0, 1.0, 1.0, 1.0, 1.0, 1.0, 1.0, 1.0, 1.0, 1.0, 1.0, 1.0, 1.0, 1.0, 1.0, 1.0, 1.0, 1.0, 1.0, 1.0, 1.0, 1.0, 1.0], "recall": [1.0, 0.98, 0.98, 0.96, 0.94, 0.92, 0.9, 0.88, 0.84, 0.82, 0.8, 0.78, 0.76, 0.74, 0.72, 0.7, 0.68, 0.66, 0.64, 0.62, 0.6, 0.58, 0.56, 0.54, 0.52, 0.5, 0.48, 0.46, 0.44, 0.42, 0.4, 0.38, 0.36, 0.34, 0.32, 0.3, 0.28, 0.22, 0.2, 0.18, 0.16, 0.14, 0.12, 0.1, 0.08, 0.06, 0.04, 0.02, 0.0], "thresholds": [0.04996949061751366, 0.09545496851205826, 0.37279772758483887, 0.976065456867218, 0.9890531897544861, 0.9895955920219421, 0.990557074546814, 0.9915749430656433, 0.9936745166778564, 0.9938088059425354, 0.9944487810134888, 0.9958887696266174, 0.9966244697570801, 0.9968423843383789, 0.9972955584526062, 0.9973495006561279, 0.9976502060890198, 0.9976531863212585, 0.9978481531143188, 0.9980446100234985, 0.9982901215553284, 0.9996395111083984, 0.9996427297592163, 0.999660849571228, 0.9996844530105591, 0.9997301697731018, 0.9997969269752502, 0.9998369216918945, 0.9998713731765747, 0.9998980760574341, 0.999908447265625, 0.9999088048934937, 0.9999105930328369, 0.9999111890792847, 0.9999176263809204, 0.9999310970306396, 0.9999531507492065, 0.9999569654464722, 0.9999641180038452, 0.9999655485153198, 0.9999656677246094, 0.9999836683273315, 0.9999896287918091, 0.9999963045120239, 0.9999964237213135, 0.9999967813491821, 0.9999996423721313, 0.9999997615814209]}, "yearly": {"precision": [0.9545454545454546, 0.9523809523809523, 1.0, 1.0, 1.0, 1.0, 1.0, 1.0, 1.0, 1.0, 1.0, 1.0, 1.0, 1.0, 1.0, 1.0, 1.0, 1.0, 1.0, 1.0, 1.0], "recall": [1.0, 0.9523809523809523, 0.9523809523809523, 0.9047619047619048, 0.8571428571428571, 0.8095238095238095, 0.7142857142857143, 0.6666666666666666, 0.6190476190476191, 0.5714285714285714, 0.5238095238095238, 0.47619047619047616, 0.38095238095238093, 0.3333333333333333, 0.2857142857142857, 0.23809523809523808, 0.19047619047619047, 0.14285714285714285, 0.09523809523809523, 0.047619047619047616, 0.0], "thresholds": [0.9044942259788513, 0.9500065445899963, 0.9571784734725952, 0.979731023311615, 0.9926671385765076, 0.9936349391937256, 0.994600772857666, 0.9951121211051941, 0.9962672591209412, 0.9976558685302734, 0.9979875087738037, 0.9992965459823608, 0.999487042427063, 0.9995563626289368, 0.9999260902404785, 0.9999364614486694, 0.9999645948410034, 0.9999837875366211, 0.9999978542327881, 0.9999988079071045]}, "once per generation": {"precision": [1.0, 1.0, 1.0], "recall": [1.0, 0.5, 0.0], "thresholds": [0.9899755120277405, 0.9937790036201477]}, "seasonally": {"precision": [1.0, 1.0], "recall": [1.0, 0.0], "thresholds": [0.9828207492828369]}}}}