{"Most_euphoric_ritual_frequency_for_audience": {"class_counts": [["not applicable", 49], ["yearly", 17], ["once per generation", 3], ["seasonally", 2], ["once in a lifetime", 1]], "avg_precision": 0.9960000000000001, "avg_recall": 0.9882352941176471, "avg_f1": 0.9919191919191921, "avg_accuracy": 0.9861111111111112, "weighted_precision": 0.9863888888888889, "weighted_recall": 0.9861111111111112, "weighted_f1": 0.9859708193041526, "weighted_accuracy": 0.9861111111111112, "class_precision": [0.98, 1.0, 1.0, 1.0, 1.0], "class_recall": [1.0, 0.9411764705882353, 1.0, 1.0, 1.0], "class_f1": [0.98989898989899, 0.9696969696969697, 1.0, 1.0, 1.0], "class_accuracy": 0.9861111111111112, "num_classes": 5, "num_applicable_rows": 72, "confusion_matrix": [["not applicable", [["not applicable", 49]]], ["yearly", [["yearly", 16], ["not applicable", 1]]], ["once per generation", [["once per generation", 3]]], ["seasonally", [["seasonally", 2]]], ["once in a lifetime", [["once in a lifetime", 1]]]], "precision_recall_curves": {"not applicable": {"precision": [1.0, 1.0, 1.0, 1.0, 1.0, 1.0, 1.0, 1.0], "recall": [1.0, 0.9795918367346939, 0.9591836734693877, 0.9387755102040817, 0.9183673469387755, 0.8979591836734694, 0.7959183673469388, 0.0], "thresholds": [0.9255768060684204, 0.9999953508377075, 0.9999982118606567, 0.9999996423721313, 0.9999997615814209, 0.9999998807907104, 1.0]}, "yearly": {"precision": [1.0, 1.0, 1.0, 1.0, 1.0, 1.0, 1.0, 1.0, 1.0], "recall": [1.0, 0.9411764705882353, 0.8235294117647058, 0.7647058823529411, 0.7058823529411765, 0.6470588235294118, 0.5882352941176471, 0.4117647058823529, 0.0], "thresholds": [0.2533697485923767, 0.9986261129379272, 0.9992969036102295, 0.99972003698349, 0.9999498128890991, 0.9999557733535767, 0.9999998807907104, 1.0]}, "once per generation": {"precision": [1.0, 1.0, 1.0, 1.0], "recall": [1.0, 0.6666666666666666, 0.3333333333333333, 0.0], "thresholds": [0.9998959302902222, 0.9999996423721313, 1.0]}, "seasonally": {"precision": [1.0, 1.0, 1.0], "recall": [1.0, 0.5, 0.0], "thresholds": [0.9999438524246216, 0.9999940395355225]}, "once in a lifetime": {"precision": [1.0, 1.0], "recall": [1.0, 0.0], "thresholds": [0.999997615814209]}}}}