{"Bureaucracy_source_of_support": {"class_counts": [["state salary", 26], ["0", 20], ["none", 20], ["governed population", 6], ["land", 5], ["0.1", 5], ["state", 2], ["state salary land", 1]], "avg_precision": 0.9821428571428572, "avg_recall": 0.9951923076923077, "avg_f1": 0.9879336349924586, "avg_accuracy": 0.9882352941176471, "weighted_precision": 0.9899159663865545, "weighted_recall": 0.9882352941176471, "weighted_f1": 0.9885724425516812, "weighted_accuracy": 0.9882352941176471, "class_precision": [1.0, 1.0, 1.0, 0.8571428571428571, 1.0, 1.0, 1.0, 1.0], "class_recall": [0.9615384615384616, 1.0, 1.0, 1.0, 1.0, 1.0, 1.0, 1.0], "class_f1": [0.9803921568627451, 1.0, 1.0, 0.923076923076923, 1.0, 1.0, 1.0, 1.0], "class_accuracy": 0.9882352941176471, "num_classes": 8, "num_applicable_rows": 85, "confusion_matrix": [["state salary", [["state salary", 25], ["governed population", 1]]], ["0", [["0", 20]]], ["none", [["none", 20]]], ["governed population", [["governed population", 6]]], ["land", [["land", 5]]], ["0.1", [["0.1", 5]]], ["state", [["state", 2]]], ["state salary land", [["state salary land", 1]]]], "precision_recall_curves": {"state salary": {"precision": [1.0, 1.0, 1.0, 1.0, 1.0, 1.0, 1.0, 1.0, 1.0, 1.0, 1.0, 1.0, 1.0, 1.0, 1.0, 1.0, 1.0, 1.0, 1.0, 1.0, 1.0, 1.0, 1.0, 1.0, 1.0, 1.0, 1.0], "recall": [1.0, 0.9615384615384616, 0.9230769230769231, 0.8846153846153846, 0.8461538461538461, 0.8076923076923077, 0.7692307692307693, 0.7307692307692307, 0.6923076923076923, 0.6538461538461539, 0.6153846153846154, 0.5769230769230769, 0.5384615384615384, 0.5, 0.46153846153846156, 0.4230769230769231, 0.38461538461538464, 0.34615384615384615, 0.3076923076923077, 0.2692307692307692, 0.23076923076923078, 0.19230769230769232, 0.15384615384615385, 0.11538461538461539, 0.07692307692307693, 0.038461538461538464, 0.0], "thresholds": [0.04310576617717743, 0.9962142109870911, 0.9987939596176147, 0.9989619255065918, 0.9992077946662903, 0.9996107220649719, 0.9998631477355957, 0.9998841285705566, 0.999911904335022, 0.9999264478683472, 0.9999300241470337, 0.9999648332595825, 0.9999810457229614, 0.9999867677688599, 0.9999878406524658, 0.9999892711639404, 0.9999908208847046, 0.9999920129776001, 0.9999939203262329, 0.9999940395355225, 0.9999942779541016, 0.9999953508377075, 0.9999969005584717, 0.9999988079071045, 0.9999996423721313, 1.0]}, "0": {"precision": [1.0, 1.0, 1.0, 1.0, 1.0, 1.0, 1.0, 1.0, 1.0, 1.0, 1.0, 1.0, 1.0], "recall": [1.0, 0.95, 0.9, 0.85, 0.8, 0.75, 0.7, 0.4, 0.35, 0.25, 0.15, 0.05, 0.0], "thresholds": [0.9993502497673035, 0.999701201915741, 0.9999860525131226, 0.9999891519546509, 0.9999953508377075, 0.9999973773956299, 0.999997615814209, 0.9999983310699463, 0.9999984502792358, 0.9999985694885254, 0.9999986886978149, 1.0]}, "land": {"precision": [1.0, 1.0, 1.0, 1.0, 1.0, 1.0], "recall": [1.0, 0.8, 0.6, 0.4, 0.2, 0.0], "thresholds": [0.9964397549629211, 0.9984103441238403, 0.9998103976249695, 0.99998939037323, 0.9999958276748657]}, "none": {"precision": [1.0, 1.0, 1.0, 1.0, 1.0, 1.0, 1.0, 1.0, 1.0, 1.0, 1.0, 1.0, 1.0, 1.0, 1.0, 1.0], "recall": [1.0, 0.95, 0.9, 0.85, 0.8, 0.75, 0.7, 0.65, 0.6, 0.55, 0.5, 0.45, 0.4, 0.3, 0.2, 0.0], "thresholds": [0.9624315500259399, 0.9992596507072449, 0.9995307922363281, 0.9999864101409912, 0.9999939203262329, 0.999995231628418, 0.9999969005584717, 0.9999970197677612, 0.9999971389770508, 0.9999972581863403, 0.9999982118606567, 0.9999983310699463, 0.9999996423721313, 0.9999998807907104, 1.0]}, "governed population": {"precision": [1.0, 1.0, 1.0, 1.0, 1.0, 1.0, 1.0], "recall": [1.0, 0.8333333333333334, 0.6666666666666666, 0.5, 0.3333333333333333, 0.16666666666666666, 0.0], "thresholds": [0.9861974120140076, 0.997919499874115, 0.9979934692382812, 0.9991257786750793, 0.9999719858169556, 0.9999922513961792]}, "0.1": {"precision": [1.0, 1.0, 1.0, 1.0, 1.0, 1.0], "recall": [1.0, 0.8, 0.6, 0.4, 0.2, 0.0], "thresholds": [0.9996198415756226, 0.9997872710227966, 0.9997926354408264, 0.9999476671218872, 0.9999477863311768]}, "state": {"precision": [1.0, 1.0, 1.0], "recall": [1.0, 0.5, 0.0], "thresholds": [0.9974289536476135, 0.9999692440032959]}, "state salary land": {"precision": [1.0, 1.0], "recall": [1.0, 0.0], "thresholds": [0.9992989301681519]}}}}