{"Largest_communication_distance": {"class_counts": [["1300", 3], ["1032", 3], ["1", 2], ["940", 2], ["990", 2], ["370", 2], ["not applicable", 2], ["1400", 2], ["106", 2], ["1000", 2], ["500", 1], ["325", 1], ["28.2", 1], ["400", 1], ["2580", 1], ["1100", 1], ["1839", 1], ["2400", 1], ["700", 1], ["714", 1], ["40", 1], ["1600", 1], ["428", 1], ["180", 1], ["1808", 1], ["1500", 1], ["11850", 1], ["634", 1], ["150", 1], ["250", 1], ["730", 1], ["430", 1], ["586", 1]], "avg_precision": 0.8970588235294118, "avg_recall": 0.9117647058823529, "avg_f1": 0.9019607843137254, "avg_accuracy": 0.9555555555555556, "weighted_precision": 0.9444444444444444, "weighted_recall": 0.9555555555555556, "weighted_f1": 0.9481481481481481, "weighted_accuracy": 0.9555555555555556, "class_precision": [1.0, 1.0, 1.0, 1.0, 1.0, 1.0, 1.0, 1.0, 1.0, 1.0, 1.0, 1.0, 1.0, 1.0, 1.0, 1.0, 1.0, 1.0, 1.0, 1.0, 1.0, 1.0, 1.0, 1.0, 1.0, 0.0, 1.0, 0.0, 1.0, 0.5, 1.0, 1.0, 1.0], "class_recall": [1.0, 1.0, 1.0, 1.0, 1.0, 1.0, 1.0, 1.0, 1.0, 1.0, 1.0, 1.0, 1.0, 1.0, 1.0, 1.0, 1.0, 1.0, 1.0, 1.0, 1.0, 1.0, 1.0, 1.0, 1.0, 0.0, 1.0, 0.0, 1.0, 1.0, 1.0, 1.0, 1.0], "class_f1": [1.0, 1.0, 1.0, 1.0, 1.0, 1.0, 1.0, 1.0, 1.0, 1.0, 1.0, 1.0, 1.0, 1.0, 1.0, 1.0, 1.0, 1.0, 1.0, 1.0, 1.0, 1.0, 1.0, 1.0, 1.0, 0.0, 1.0, 0.0, 1.0, 0.6666666666666666, 1.0, 1.0, 1.0], "class_accuracy": 0.9555555555555556, "num_classes": 33, "num_applicable_rows": 45, "confusion_matrix": [["1300", [["1300", 3]]], ["1032", [["1032", 3]]], ["1", [["1", 2]]], ["940", [["940", 2]]], ["990", [["990", 2]]], ["370", [["370", 2]]], ["not applicable", [["not applicable", 2]]], ["1400", [["1400", 2]]], ["106", [["106", 2]]], ["1000", [["1000", 2]]], ["500", [["500", 1]]], ["325", [["325", 1]]], ["28.2", [["28.2", 1]]], ["400", [["400", 1]]], ["2580", [["2580", 1]]], ["1100", [["1100", 1]]], ["1839", [["1839", 1]]], ["2400", [["2400", 1]]], ["700", [["700", 1]]], ["714", [["714", 1]]], ["40", [["40", 1]]], ["1600", [["1600", 1]]], ["428", [["428", 1]]], ["180", [["180", 1]]], ["1808", [["1808", 1]]], ["1500", [["2000", 1]]], ["11850", [["11850", 1]]], ["634", [["250", 1]]], ["150", [["150", 1]]], ["250", [["250", 1]]], ["730", [["730", 1]]], ["430", [["430", 1]]], ["586", [["586", 1]]]], "precision_recall_curves": {"700": {"precision": [1.0, 1.0], "recall": [1.0, 0.0], "thresholds": [0.9999918937683105]}, "1300": {"precision": [1.0, 1.0, 1.0, 1.0], "recall": [1.0, 0.6666666666666666, 0.3333333333333333, 0.0], "thresholds": [0.9614036083221436, 0.9977756142616272, 0.9985865354537964]}, "400": {"precision": [1.0, 1.0], "recall": [1.0, 0.0], "thresholds": [0.9987975358963013]}, "1032": {"precision": [1.0, 1.0, 1.0, 1.0], "recall": [1.0, 0.6666666666666666, 0.3333333333333333, 0.0], "thresholds": [0.9999746084213257, 0.9999775886535645, 0.9999794960021973]}, "1400": {"precision": [1.0, 1.0, 1.0], "recall": [1.0, 0.5, 0.0], "thresholds": [0.9996302127838135, 0.9996824264526367]}, "250": {"precision": [1.0, 1.0], "recall": [1.0, 0.0], "thresholds": [0.999929666519165]}, "150": {"precision": [1.0, 1.0], "recall": [1.0, 0.0], "thresholds": [0.9997451901435852]}, "180": {"precision": [1.0, 1.0], "recall": [1.0, 0.0], "thresholds": [0.9999791383743286]}, "1000": {"precision": [1.0, 1.0], "recall": [1.0, 0.0], "thresholds": [0.9992465972900391]}, "1500": {"precision": [1.0, 1.0], "recall": [1.0, 0.0], "thresholds": [0.28597086668014526]}, "not applicable": {"precision": [1.0, 1.0, 1.0], "recall": [1.0, 0.5, 0.0], "thresholds": [0.9999791383743286, 0.9999799728393555]}, "325": {"precision": [1.0, 1.0], "recall": [1.0, 0.0], "thresholds": [0.9471790790557861]}, "1600": {"precision": [1.0, 1.0], "recall": [1.0, 0.0], "thresholds": [0.9997374415397644]}, "1": {"precision": [1.0, 1.0], "recall": [1.0, 0.0], "thresholds": [0.9999768733978271]}, "714": {"precision": [1.0, 1.0], "recall": [1.0, 0.0], "thresholds": [0.9993531107902527]}, "730": {"precision": [1.0, 1.0], "recall": [1.0, 0.0], "thresholds": [0.9999563694000244]}, "940": {"precision": [1.0, 1.0, 1.0], "recall": [1.0, 0.5, 0.0], "thresholds": [0.9983142614364624, 0.9997193217277527]}, "370": {"precision": [1.0, 1.0, 1.0], "recall": [1.0, 0.5, 0.0], "thresholds": [0.999962329864502, 0.9999852180480957]}, "106": {"precision": [1.0, 1.0, 1.0], "recall": [1.0, 0.5, 0.0], "thresholds": [0.999883770942688, 0.9999849796295166]}, "40": {"precision": [1.0, 1.0], "recall": [1.0, 0.0], "thresholds": [0.9991255402565002]}, "634": {"precision": [1.0, 1.0], "recall": [1.0, 0.0], "thresholds": [0.00015894111129455268]}, "990": {"precision": [1.0, 1.0, 1.0], "recall": [1.0, 0.5, 0.0], "thresholds": [0.9998904466629028, 0.9999209642410278]}, "586": {"precision": [1.0, 1.0], "recall": [1.0, 0.0], "thresholds": [0.9996776580810547]}, "1808": {"precision": [1.0, 1.0], "recall": [1.0, 0.0], "thresholds": [0.9895195960998535]}, "430": {"precision": [1.0, 1.0], "recall": [1.0, 0.0], "thresholds": [0.9996569156646729]}, "2400": {"precision": [1.0, 1.0], "recall": [1.0, 0.0], "thresholds": [0.9981018900871277]}, "428": {"precision": [1.0, 1.0], "recall": [1.0, 0.0], "thresholds": [0.9998878240585327]}, "1100": {"precision": [1.0, 1.0], "recall": [1.0, 0.0], "thresholds": [0.9996292591094971]}, "1839": {"precision": [1.0, 1.0], "recall": [1.0, 0.0], "thresholds": [0.980533242225647]}, "2580": {"precision": [1.0, 1.0], "recall": [1.0, 0.0], "thresholds": [0.9860190153121948]}, "11850": {"precision": [1.0, 1.0], "recall": [1.0, 0.0], "thresholds": [0.9977407455444336]}, "28.2": {"precision": [1.0, 1.0], "recall": [1.0, 0.0], "thresholds": [0.9997851252555847]}, "500": {"precision": [1.0, 1.0], "recall": [1.0, 0.0], "thresholds": [0.9965123534202576]}}}}