{"Suprapolity_relations": {"class_counts": [["none", 47], ["alliance", 35], ["vassalage", 7], ["nominal allegiance", 5], ["nominal", 2], ["personal union", 2]], "avg_precision": 0.6617937853107345, "avg_recall": 0.6560283687943262, "avg_f1": 0.6517357779909746, "avg_accuracy": 0.7959183673469388, "weighted_precision": 0.8104678312002768, "weighted_recall": 0.7959183673469388, "weighted_f1": 0.7873480700243002, "weighted_accuracy": 0.7959183673469388, "class_precision": [0.7457627118644068, 1.0, 0.625, 0.6, 0.0, 1.0], "class_recall": [0.9361702127659575, 0.6857142857142857, 0.7142857142857143, 0.6, 0.0, 1.0], "class_f1": [0.8301886792452831, 0.8135593220338984, 0.6666666666666666, 0.6, 0.0, 1.0], "class_accuracy": 0.7959183673469388, "num_classes": 6, "num_applicable_rows": 98, "confusion_matrix": [["none", [["none", 44], ["vassalage", 2], ["nominal allegiance", 1]]], ["alliance", [["alliance", 24], ["none", 9], ["nominal allegiance", 1], ["vassalage", 1]]], ["vassalage", [["vassalage", 5], ["none", 2]]], ["nominal allegiance", [["nominal allegiance", 3], ["none", 2]]], ["nominal", [["none", 2]]], ["personal union", [["personal union", 2]]]], "precision_recall_curves": {"none": {"precision": [0.47959183673469385, 0.4742268041237113, 0.4791666666666667, 0.4842105263157895, 0.48936170212765956, 0.4946236559139785, 0.5, 0.5054945054945055, 0.5111111111111111, 0.5168539325842697, 0.5227272727272727, 0.5287356321839081, 0.5348837209302325, 0.5411764705882353, 0.5476190476190477, 0.5542168674698795, 0.5609756097560976, 0.5679012345679012, 0.575, 0.5822784810126582, 0.5897435897435898, 0.5974025974025974, 0.6052631578947368, 0.6133333333333333, 0.6216216216216216, 0.6301369863013698, 0.6388888888888888, 0.647887323943662, 0.6571428571428571, 0.6666666666666666, 0.6764705882352942, 0.6865671641791045, 0.696969696969697, 0.7076923076923077, 0.703125, 0.7142857142857143, 0.7258064516129032, 0.7377049180327869, 0.75, 0.7457627118644068, 0.7586206896551724, 0.7719298245614035, 0.7857142857142857, 0.8, 0.8148148148148148, 0.8301886792452831, 0.8461538461538461, 0.8627450980392157, 0.88, 0.8979591836734694, 0.9166666666666666, 0.9361702127659575, 0.9347826086956522, 0.9333333333333333, 0.9318181818181818, 0.9302325581395349, 0.9285714285714286, 0.9512195121951219, 0.95, 0.9487179487179487, 0.9473684210526315, 0.9459459459459459, 0.9444444444444444, 0.9428571428571428, 0.9411764705882353, 0.9393939393939394, 0.9375, 0.9354838709677419, 0.9666666666666667, 0.9655172413793104, 1.0, 1.0, 1.0, 1.0, 1.0, 1.0, 1.0, 1.0, 1.0, 1.0, 1.0, 1.0, 1.0, 1.0, 1.0, 1.0, 1.0, 1.0, 1.0, 1.0, 1.0, 1.0, 1.0, 1.0, 1.0, 1.0, 1.0, 1.0, 1.0], "recall": [1.0, 0.9787234042553191, 0.9787234042553191, 0.9787234042553191, 0.9787234042553191, 0.9787234042553191, 0.9787234042553191, 0.9787234042553191, 0.9787234042553191, 0.9787234042553191, 0.9787234042553191, 0.9787234042553191, 0.9787234042553191, 0.9787234042553191, 0.9787234042553191, 0.9787234042553191, 0.9787234042553191, 0.9787234042553191, 0.9787234042553191, 0.9787234042553191, 0.9787234042553191, 0.9787234042553191, 0.9787234042553191, 0.9787234042553191, 0.9787234042553191, 0.9787234042553191, 0.9787234042553191, 0.9787234042553191, 0.9787234042553191, 0.9787234042553191, 0.9787234042553191, 0.9787234042553191, 0.9787234042553191, 0.9787234042553191, 0.9574468085106383, 0.9574468085106383, 0.9574468085106383, 0.9574468085106383, 0.9574468085106383, 0.9361702127659575, 0.9361702127659575, 0.9361702127659575, 0.9361702127659575, 0.9361702127659575, 0.9361702127659575, 0.9361702127659575, 0.9361702127659575, 0.9361702127659575, 0.9361702127659575, 0.9361702127659575, 0.9361702127659575, 0.9361702127659575, 0.9148936170212766, 0.8936170212765957, 0.8723404255319149, 0.851063829787234, 0.8297872340425532, 0.8297872340425532, 0.8085106382978723, 0.7872340425531915, 0.7659574468085106, 0.7446808510638298, 0.723404255319149, 0.7021276595744681, 0.6808510638297872, 0.6595744680851063, 0.6382978723404256, 0.6170212765957447, 0.6170212765957447, 0.5957446808510638, 0.5957446808510638, 0.574468085106383, 0.5531914893617021, 0.5319148936170213, 0.5106382978723404, 0.48936170212765956, 0.46808510638297873, 0.44680851063829785, 0.425531914893617, 0.40425531914893614, 0.3829787234042553, 0.3617021276595745, 0.3404255319148936, 0.3191489361702128, 0.2978723404255319, 0.2765957446808511, 0.2553191489361702, 0.23404255319148937, 0.2127659574468085, 0.19148936170212766, 0.1702127659574468, 0.14893617021276595, 0.1276595744680851, 0.10638297872340426, 0.0851063829787234, 0.06382978723404255, 0.0425531914893617, 0.02127659574468085, 0.0], "thresholds": [8.410698910665815e-07, 9.521328934170015e-07, 0.0007999190129339695, 0.0008162269368767738, 0.0015905159525573254, 0.0020347547251731157, 0.0027029693592339754, 0.007393079809844494, 0.007813774049282074, 0.008702315390110016, 0.009832102805376053, 0.010832219384610653, 0.011452799662947655, 0.01528065837919712, 0.031262096017599106, 0.047723278403282166, 0.053007159382104874, 0.06160147488117218, 0.07078880816698074, 0.0718660056591034, 0.0748186856508255, 0.08738497644662857, 0.08814307302236557, 0.09681444615125656, 0.10754365473985672, 0.1374216377735138, 0.143436998128891, 0.1481160968542099, 0.16175654530525208, 0.16195964813232422, 0.1911473572254181, 0.2018706202507019, 0.21844002604484558, 0.2622019946575165, 0.30506232380867004, 0.31872594356536865, 0.326119989156723, 0.3286173343658447, 0.34471118450164795, 0.4060424864292145, 0.4269539713859558, 0.4328579902648926, 0.4483424723148346, 0.4612700343132019, 0.473884254693985, 0.5500094294548035, 0.5769460797309875, 0.5883467793464661, 0.6164718866348267, 0.6167107820510864, 0.6596574187278748, 0.7715491652488708, 0.7865460515022278, 0.817112922668457, 0.8185359239578247, 0.8249404430389404, 0.8258988857269287, 0.8340161442756653, 0.867257297039032, 0.8701074123382568, 0.8766986131668091, 0.8838416934013367, 0.9033461809158325, 0.9045395255088806, 0.9045841097831726, 0.9149547219276428, 0.9159713983535767, 0.9378687143325806, 0.9504225254058838, 0.958334743976593, 0.9609204530715942, 0.9619549512863159, 0.9630261659622192, 0.9643826484680176, 0.9661415219306946, 0.9732062816619873, 0.974291980266571, 0.9749142527580261, 0.9770350456237793, 0.9772193431854248, 0.9787651896476746, 0.9824635982513428, 0.9826045632362366, 0.9934871196746826, 0.9941714406013489, 0.997696578502655, 0.9990118741989136, 0.9992183446884155, 0.9992772936820984, 0.9994372725486755, 0.9996969699859619, 0.9996986389160156, 0.9998730421066284, 0.9998762607574463, 0.9999643564224243, 0.9999685287475586, 0.9999936819076538, 0.9999938011169434]},