{"Most_euphoric_ritual_frequency_for_ritual_specialist": {"class_counts": [["yearly", 46], ["seasonally", 6], ["not applicable", 5], ["once per generation", 5], ["monthly", 2], ["once in a lifetime", 1], ["annually", 1]], "avg_precision": 1.0, "avg_recall": 1.0, "avg_f1": 1.0, "avg_accuracy": 1.0, "weighted_precision": 1.0, "weighted_recall": 1.0, "weighted_f1": 1.0, "weighted_accuracy": 1.0, "class_precision": [1.0, 1.0, 1.0, 1.0, 1.0, 1.0, 1.0], "class_recall": [1.0, 1.0, 1.0, 1.0, 1.0, 1.0, 1.0], "class_f1": [1.0, 1.0, 1.0, 1.0, 1.0, 1.0, 1.0], "class_accuracy": 1.0, "num_classes": 7, "num_applicable_rows": 66, "confusion_matrix": [["yearly", [["yearly", 46]]], ["seasonally", [["seasonally", 6]]], ["not applicable", [["not applicable", 5]]], ["once per generation", [["once per generation", 5]]], ["monthly", [["monthly", 2]]], ["once in a lifetime", [["once in a lifetime", 1]]], ["annually", [["annually", 1]]]], "precision_recall_curves": {"yearly": {"precision": [1.0, 1.0, 1.0, 1.0, 1.0, 1.0, 1.0, 1.0], "recall": [1.0, 0.9782608695652174, 0.9565217391304348, 0.9347826086956522, 0.9130434782608695, 0.8913043478260869, 0.8695652173913043, 0.0], "thresholds": [0.9999256134033203, 0.9999985694885254, 0.9999986886978149, 0.9999990463256836, 0.9999995231628418, 0.9999997615814209, 1.0]}, "not applicable": {"precision": [1.0, 1.0], "recall": [1.0, 0.0], "thresholds": [1.0]}, "seasonally": {"precision": [1.0, 1.0, 1.0, 1.0], "recall": [1.0, 0.6666666666666666, 0.5, 0.0], "thresholds": [0.9999997615814209, 0.9999998807907104, 1.0]}, "once per generation": {"precision": [1.0, 1.0, 1.0], "recall": [1.0, 0.8, 0.0], "thresholds": [0.9999997615814209, 1.0]}, "monthly": {"precision": [1.0, 1.0, 1.0], "recall": [1.0, 0.5, 0.0], "thresholds": [0.9999998807907104, 1.0]}, "once in a lifetime": {"precision": [1.0, 1.0], "recall": [1.0, 0.0], "thresholds": [0.9999988079071045]}, "annually": {"precision": [1.0, 1.0], "recall": [1.0, 0.0], "thresholds": [0.9999998807907104]}}}}