{"Relationship_to_preceding_(quasi)polity": {"class_counts": [["continuity", 87], ["elite migration", 11], ["cultural assimilation", 9], ["continuation", 5], ["population migration", 5], ["contination", 1], ["not applicable", 1], ["Continuity", 1], ["regime change", 1], ["vassalage", 1]], "avg_precision": 0.9232645403377111, "avg_recall": 0.9506025774991291, "avg_f1": 0.9328129135821444, "avg_accuracy": 0.9098360655737705, "weighted_precision": 0.921682609007679, "weighted_recall": 0.9098360655737705, "weighted_f1": 0.9127130050837491, "weighted_accuracy": 0.9098360655737705, "class_precision": [0.9634146341463414, 0.7692307692307693, 0.6666666666666666, 1.0, 0.8333333333333334, 1.0, 1.0, 1.0, 1.0, 1.0], "class_recall": [0.9080459770114943, 0.9090909090909091, 0.8888888888888888, 0.8, 1.0, 1.0, 1.0, 1.0, 1.0, 1.0], "class_f1": [0.9349112426035503, 0.8333333333333333, 0.761904761904762, 0.888888888888889, 0.9090909090909091, 1.0, 1.0, 1.0, 1.0, 1.0], "class_accuracy": 0.9098360655737705, "num_classes": 10, "num_applicable_rows": 122, "confusion_matrix": [["continuity", [["continuity", 79], ["cultural assimilation", 4], ["elite migration", 3], ["population migration", 1]]], ["elite migration", [["elite migration", 10], ["continuity", 1]]], ["cultural assimilation", [["cultural assimilation", 8], ["continuity", 1]]], ["continuation", [["continuation", 4], ["continuity", 1]]], ["population migration", [["population migration", 5]]], ["contination", [["contination", 1]]], ["not applicable", [["not applicable", 1]]], ["Continuity", [["Continuity", 1]]], ["regime change", [["regime change", 1]]], ["vassalage", [["vassalage", 1]]]], "precision_recall_curves": {"continuity": {"precision": [0.9456521739130435, 0.945054945054945, 0.9555555555555556, 0.9662921348314607, 0.9659090909090909, 0.9655172413793104, 0.9651162790697675, 0.9647058823529412, 0.9642857142857143, 0.963855421686747, 0.9634146341463414, 0.9629629629629629, 0.975, 0.9746835443037974, 0.9743589743589743, 0.974025974025974, 0.9736842105263158, 0.9866666666666667, 0.9864864864864865, 0.9863013698630136, 0.9861111111111112, 1.0, 1.0, 1.0, 1.0, 1.0, 1.0, 1.0, 1.0, 1.0, 1.0, 1.0, 1.0, 1.0, 1.0, 1.0, 1.0, 1.0, 1.0, 1.0, 1.0, 1.0, 1.0, 1.0, 1.0, 1.0, 1.0, 1.0, 1.0, 1.0, 1.0, 1.0, 1.0, 1.0, 1.0, 1.0, 1.0, 1.0, 1.0, 1.0, 1.0, 1.0, 1.0, 1.0, 1.0, 1.0, 1.0, 1.0, 1.0, 1.0, 1.0, 1.0, 1.0, 1.0, 1.0, 1.0, 1.0, 1.0, 1.0, 1.0, 1.0, 1.0, 1.0, 1.0, 1.0, 1.0, 1.0, 1.0, 1.0, 1.0, 1.0, 1.0, 1.0], "recall": [1.0, 0.9885057471264368, 0.9885057471264368, 0.9885057471264368, 0.9770114942528736, 0.9655172413793104, 0.9540229885057471, 0.9425287356321839, 0.9310344827586207, 0.9195402298850575, 0.9080459770114943, 0.896551724137931, 0.896551724137931, 0.8850574712643678, 0.8735632183908046, 0.8620689655172413, 0.8505747126436781, 0.8505747126436781, 0.8390804597701149, 0.8275862068965517, 0.8160919540229885, 0.8160919540229885, 0.8045977011494253, 0.7931034482758621, 0.7816091954022989, 0.7701149425287356, 0.7586206896551724, 0.7471264367816092, 0.735632183908046, 0.7241379310344828, 0.7126436781609196, 0.7011494252873564, 0.6896551724137931, 0.6781609195402298, 0.6666666666666666, 0.6551724137931034, 0.6436781609195402, 0.632183908045977, 0.6206896551724138, 0.6091954022988506, 0.5977011494252874, 0.5862068965517241, 0.5747126436781609, 0.5632183908045977, 0.5517241379310345, 0.5402298850574713, 0.5287356321839081, 0.5172413793103449, 0.5057471264367817, 0.4942528735632184, 0.4827586206896552, 0.47126436781609193, 0.45977011494252873, 0.4482758620689655, 0.4367816091954023, 0.42528735632183906, 0.41379310344827586, 0.40229885057471265, 0.39080459770114945, 0.3793103448275862, 0.367816091954023, 0.3563218390804598, 0.3448275862068966, 0.3333333333333333, 0.3218390804597701, 0.3103448275862069, 0.2988505747126437, 0.28735632183908044, 0.27586206896551724, 0.26436781609195403, 0.25287356321839083, 0.2413793103448276, 0.22988505747126436, 0.21839080459770116, 0.20689655172413793, 0.19540229885057472, 0.1839080459770115, 0.1724137931034483, 0.16091954022988506, 0.14942528735632185, 0.13793103448275862, 0.12643678160919541, 0.11494252873563218, 0.10344827586206896, 0.09195402298850575, 0.08045977011494253, 0.06896551724137931, 0.05747126436781609, 0.04597701149425287, 0.034482758620689655, 0.022988505747126436, 0.011494252873563218, 0.0], "thresholds": [0.13179327547550201, 0.14026543498039246, 0.14506950974464417, 0.15852242708206177, 0.19520555436611176, 0.24437932670116425, 0.2905708849430084, 0.3028213679790497, 0.3814752995967865, 0.43215546011924744, 0.5371278524398804, 0.563382089138031, 0.5684332847595215, 0.7324138879776001, 0.774633526802063, 0.7809658646583557, 0.864392876625061, 0.8950539231300354, 0.8978732228279114, 0.9037683606147766, 0.9157713055610657, 0.9185351133346558, 0.9257391095161438, 0.9335913062095642, 0.934795081615448, 0.9406182765960693, 0.944929838180542, 0.9461737275123596, 0.9532203674316406, 0.9645781517028809, 0.9680742025375366, 0.9742692112922668, 0.9752699732780457, 0.9760821461677551, 0.9790924787521362, 0.980807363986969, 0.985637366771698, 0.98787921667099, 0.9880326986312866, 0.9882320761680603, 0.9884101152420044, 0.9884904623031616, 0.9887208342552185, 0.9892553091049194, 0.9893864393234253, 0.9910746216773987, 0.9913404583930969, 0.991472065448761, 0.9929386973381042, 0.9948707818984985, 0.9949640035629272, 0.9949766993522644, 0.9950163960456848, 0.9950345754623413, 0.9950675964355469, 0.995482325553894, 0.99552321434021, 0.9956051707267761, 0.9958525896072388, 0.995899498462677, 0.9960840940475464, 0.9961386322975159, 0.9961585402488708, 0.9961961507797241, 0.9962432384490967, 0.9971491694450378, 0.9974510073661804, 0.9975922107696533, 0.9978691339492798, 0.9978871941566467, 0.9978973865509033, 0.997921884059906, 0.9979652166366577, 0.9983154535293579, 0.9983460903167725, 0.9986496567726135, 0.9988594055175781, 0.998881995677948, 0.9988942742347717, 0.9989280104637146, 0.9989991784095764, 0.9990646243095398, 0.999068558216095, 0.9990725517272949, 0.9990811347961426, 0.9990909099578857, 0.9996389150619507, 0.9996935129165649, 0.9997594952583313, 0.9997802376747131, 0.9999279975891113, 0.9999878406524658]}, "elite migration": {"precision": [0.7857142857142857, 0.7692307692307693, 0.75, 0.8181818181818182, 0.8, 0.8888888888888888, 0.875, 1.0, 1.0, 1.0, 1.0, 1.0, 1.0, 1.0, 1.0], "recall": [1.0, 0.9090909090909091, 0.8181818181818182, 0.8181818181818182, 0.7272727272727273, 0.7272727272727273, 0.6363636363636364, 0.6363636363636364, 0.5454545454545454, 0.45454545454545453, 0.36363636363636365, 0.2727272727272727, 0.18181818181818182, 0.09090909090909091, 0.0], "thresholds": [0.32728084921836853, 0.3944246172904968, 0.5490385293960571, 0.5761101841926575, 0.7979921102523804, 0.8355461955070496, 0.8358089923858643, 0.8755822777748108, 0.8980191349983215, 0.9181666970252991, 0.9881096482276917, 0.990921676158905, 0.991582453250885, 0.9992007613182068]}, "population migration": {"precision": [1.0, 1.0, 1.0, 1.0, 1.0, 1.0], "recall": [1.0, 0.8, 0.6, 0.4, 0.2, 0.0], "thresholds": [0.942753791809082, 0.9593460559844971, 0.9655648469924927, 0.9911695718765259, 0.9958894848823547]}, "cultural assimilation": {"precision": [0.42857142857142855, 0.4, 0.42105263157894735, 0.4444444444444444, 0.47058823529411764, 0.5, 0.5333333333333333, 0.5714285714285714, 0.6153846153846154, 0.6666666666666666, 0.7272727272727273, 0.8, 0.8888888888888888, 1.0, 1.0, 1.0, 1.0, 1.0, 1.0, 1.0, 1.0, 1.0], "recall": [1.0, 0.8888888888888888, 0.8888888888888888, 0.8888888888888888, 0.8888888888888888, 0.8888888888888888, 0.8888888888888888, 0.8888888888888888, 0.8888888888888888, 0.8888888888888888, 0.8888888888888888, 0.8888888888888888, 0.8888888888888888, 0.8888888888888888, 0.7777777777777778, 0.6666666666666666, 0.5555555555555556, 0.4444444444444444, 0.3333333333333333, 0.2222222222222222, 0.1111111111111111, 0.0],