{"Monumental_building_extent": {"class_counts": [["16.5", 3], ["18", 3], ["40", 3], ["300", 3], ["12000", 2], ["15", 2], ["123", 2], ["85", 2], ["2000", 2], ["45.72", 2], ["120", 2], ["311", 1], ["32", 1], ["3000", 1], ["24.5", 1], ["91.5", 1], ["82", 1], ["745", 1], ["800", 1], ["961", 1], ["124", 1], ["220", 1], ["14.7", 1], ["295", 1], ["5.4", 1], ["250", 1], ["450", 1], ["2500000", 1], ["8", 1]], "avg_precision": 0.9482758620689655, "avg_recall": 0.9655172413793104, "avg_f1": 0.9540229885057471, "avg_accuracy": 0.9772727272727273, "weighted_precision": 0.9659090909090909, "weighted_recall": 0.9772727272727273, "weighted_f1": 0.9696969696969696, "weighted_accuracy": 0.9772727272727273, "class_precision": [1.0, 1.0, 1.0, 1.0, 1.0, 1.0, 1.0, 1.0, 1.0, 1.0, 1.0, 0.0, 1.0, 1.0, 1.0, 1.0, 1.0, 1.0, 1.0, 1.0, 1.0, 1.0, 0.5, 1.0, 1.0, 1.0, 1.0, 1.0, 1.0], "class_recall": [1.0, 1.0, 1.0, 1.0, 1.0, 1.0, 1.0, 1.0, 1.0, 1.0, 1.0, 0.0, 1.0, 1.0, 1.0, 1.0, 1.0, 1.0, 1.0, 1.0, 1.0, 1.0, 1.0, 1.0, 1.0, 1.0, 1.0, 1.0, 1.0], "class_f1": [1.0, 1.0, 1.0, 1.0, 1.0, 1.0, 1.0, 1.0, 1.0, 1.0, 1.0, 0.0, 1.0, 1.0, 1.0, 1.0, 1.0, 1.0, 1.0, 1.0, 1.0, 1.0, 0.6666666666666666, 1.0, 1.0, 1.0, 1.0, 1.0, 1.0], "class_accuracy": 0.9772727272727273, "num_classes": 29, "num_applicable_rows": 44, "confusion_matrix": [["16.5", [["16.5", 3]]], ["18", [["18", 3]]], ["40", [["40", 3]]], ["300", [["300", 3]]], ["12000", [["12000", 2]]], ["15", [["15", 2]]], ["123", [["123", 2]]], ["85", [["85", 2]]], ["2000", [["2000", 2]]], ["45.72", [["45.72", 2]]], ["120", [["120", 2]]], ["311", [["14.7", 1]]], ["32", [["32", 1]]], ["3000", [["3000", 1]]], ["24.5", [["24.5", 1]]], ["91.5", [["91.5", 1]]], ["82", [["82", 1]]], ["745", [["745", 1]]], ["800", [["800", 1]]], ["961", [["961", 1]]], ["124", [["124", 1]]], ["220", [["220", 1]]], ["14.7", [["14.7", 1]]], ["295", [["295", 1]]], ["5.4", [["5.4", 1]]], ["250", [["250", 1]]], ["450", [["450", 1]]], ["2500000", [["2500000", 1]]], ["8", [["8", 1]]]], "precision_recall_curves": {"40": {"precision": [1.0, 1.0, 1.0, 1.0], "recall": [1.0, 0.6666666666666666, 0.3333333333333333, 0.0], "thresholds": [0.9997287392616272, 0.9998908042907715, 0.9999072551727295]}, "300": {"precision": [1.0, 1.0, 1.0, 1.0], "recall": [1.0, 0.6666666666666666, 0.3333333333333333, 0.0], "thresholds": [0.9998369216918945, 0.9998372793197632, 0.9998379945755005]}, "15": {"precision": [1.0, 1.0, 1.0], "recall": [1.0, 0.5, 0.0], "thresholds": [0.9988316893577576, 0.9993916749954224]}, "12000": {"precision": [1.0, 1.0, 1.0], "recall": [1.0, 0.5, 0.0], "thresholds": [0.9993152618408203, 0.9996589422225952]}, "45.72": {"precision": [1.0, 1.0], "recall": [1.0, 0.0], "thresholds": [0.9999560117721558]}, "16.5": {"precision": [1.0, 1.0, 1.0, 1.0], "recall": [1.0, 0.6666666666666666, 0.3333333333333333, 0.0], "thresholds": [0.99994957447052, 0.9999501705169678, 0.9999510049819946]}, "18": {"precision": [1.0, 1.0, 1.0, 1.0], "recall": [1.0, 0.6666666666666666, 0.3333333333333333, 0.0], "thresholds": [0.9993979930877686, 0.9995933175086975, 0.9998028874397278]}, "3000": {"precision": [1.0, 1.0], "recall": [1.0, 0.0], "thresholds": [0.9999374151229858]}, "82": {"precision": [1.0, 1.0], "recall": [1.0, 0.0], "thresholds": [0.9999405145645142]}, "8": {"precision": [1.0, 1.0], "recall": [1.0, 0.0], "thresholds": [0.9995346069335938]}, "91.5": {"precision": [1.0, 1.0], "recall": [1.0, 0.0], "thresholds": [0.9992571473121643]}, "124": {"precision": [1.0, 1.0], "recall": [1.0, 0.0], "thresholds": [0.9998841285705566]}, "250": {"precision": [1.0, 1.0], "recall": [1.0, 0.0], "thresholds": [0.9999159574508667]}, "123": {"precision": [1.0, 1.0, 1.0], "recall": [1.0, 0.5, 0.0], "thresholds": [0.9985997080802917, 0.9986427426338196]}, "120": {"precision": [1.0, 1.0, 1.0], "recall": [1.0, 0.5, 0.0], "thresholds": [0.9983500242233276, 0.9984135627746582]}, "745": {"precision": [1.0, 1.0], "recall": [1.0, 0.0], "thresholds": [0.9998334646224976]}, "450": {"precision": [1.0, 1.0], "recall": [1.0, 0.0], "thresholds": [0.9998094439506531]}, "2000": {"precision": [1.0, 1.0, 1.0], "recall": [1.0, 0.5, 0.0], "thresholds": [0.9995232820510864, 0.9999548196792603]}, "5.4": {"precision": [1.0, 1.0], "recall": [1.0, 0.0], "thresholds": [0.9898848533630371]}, "14.7": {"precision": [1.0, 1.0], "recall": [1.0, 0.0], "thresholds": [0.999806821346283]}, "961": {"precision": [1.0, 1.0], "recall": [1.0, 0.0], "thresholds": [0.9998544454574585]}, "311": {"precision": [1.0, 1.0], "recall": [1.0, 0.0], "thresholds": [0.05584290251135826]}, "800": {"precision": [1.0, 1.0], "recall": [1.0, 0.0], "thresholds": [0.9995844960212708]}, "2500000": {"precision": [1.0, 1.0], "recall": [1.0, 0.0], "thresholds": [0.9788327217102051]}, "32": {"precision": [1.0, 1.0], "recall": [1.0, 0.0], "thresholds": [0.9979580640792847]}, "295": {"precision": [1.0, 1.0], "recall": [1.0, 0.0], "thresholds": [0.9999328851699829]}, "220": {"precision": [1.0, 1.0], "recall": [1.0, 0.0], "thresholds": [0.998178243637085]}, "24.5": {"precision": [1.0, 1.0], "recall": [1.0, 0.0], "thresholds": [0.9871122241020203]}, "85": {"precision": [1.0, 1.0, 1.0], "recall": [1.0, 0.5, 0.0], "thresholds": [0.8869427442550659, 0.9236124157905579]}}}}