{"Other_polity-owned_site": {"class_counts": [["1", 19], ["0", 10], ["Shelters", 2]], "avg_precision": 1.0, "avg_recall": 1.0, "avg_f1": 1.0, "avg_accuracy": 1.0, "weighted_precision": 1.0, "weighted_recall": 1.0, "weighted_f1": 1.0, "weighted_accuracy": 1.0, "class_precision": [1.0, 1.0, 1.0], "class_recall": [1.0, 1.0, 1.0], "class_f1": [1.0, 1.0, 1.0], "class_accuracy": 1.0, "num_classes": 3, "num_applicable_rows": 31, "confusion_matrix": [["1", [["1", 19]]], ["0", [["0", 10]]], ["Shelters", [["Shelters", 2]]]], "precision_recall_curves": {"1": {"precision": [1.0, 1.0, 1.0, 1.0, 1.0], "recall": [1.0, 0.9473684210526315, 0.8947368421052632, 0.7894736842105263, 0.0], "thresholds": [0.9999991655349731, 0.9999997615814209, 0.9999998807907104, 1.0]}, "0": {"precision": [1.0, 1.0, 1.0], "recall": [1.0, 0.9, 0.0], "thresholds": [0.9999997615814209, 1.0]}, "Shelters": {"precision": [1.0, 1.0], "recall": [1.0, 0.0], "thresholds": [1.0]}}}}