{"Largest_scale_ritual_frequency_per_participant": {"class_counts": [["yearly", 42], ["once in a lifetime", 17], ["once per generation", 10], ["seasonally", 7], ["monthly/seasonal", 1], ["weekly", 1]], "avg_precision": 0.9722222222222223, "avg_recall": 0.9920634920634921, "avg_f1": 0.9807834441980784, "avg_accuracy": 0.9743589743589743, "weighted_precision": 0.9786324786324787, "weighted_recall": 0.9743589743589743, "weighted_f1": 0.9752117800898288, "weighted_accuracy": 0.9743589743589743, "class_precision": [1.0, 1.0, 0.8333333333333334, 1.0, 1.0, 1.0], "class_recall": [0.9523809523809523, 1.0, 1.0, 1.0, 1.0, 1.0], "class_f1": [0.975609756097561, 1.0, 0.9090909090909091, 1.0, 1.0, 1.0], "class_accuracy": 0.9743589743589743, "num_classes": 6, "num_applicable_rows": 78, "confusion_matrix": [["yearly", [["yearly", 40], ["once per generation", 2]]], ["once in a lifetime", [["once in a lifetime", 17]]], ["once per generation", [["once per generation", 10]]], ["seasonally", [["seasonally", 7]]], ["monthly/seasonal", [["monthly/seasonal", 1]]], ["weekly", [["weekly", 1]]]], "precision_recall_curves": {"yearly": {"precision": [1.0, 1.0, 1.0, 1.0, 1.0, 1.0, 1.0, 1.0, 1.0, 1.0, 1.0, 1.0, 1.0, 1.0, 1.0, 1.0, 1.0], "recall": [1.0, 0.9523809523809523, 0.9285714285714286, 0.9047619047619048, 0.8809523809523809, 0.8571428571428571, 0.8333333333333334, 0.8095238095238095, 0.7857142857142857, 0.7380952380952381, 0.7142857142857143, 0.6904761904761905, 0.6666666666666666, 0.6428571428571429, 0.6190476190476191, 0.5952380952380952, 0.0], "thresholds": [0.09908244758844376, 0.9586020708084106, 0.9997169375419617, 0.9997908473014832, 0.9999738931655884, 0.9999829530715942, 0.9999940395355225, 0.9999953508377075, 0.9999961853027344, 0.9999985694885254, 0.9999986886978149, 0.999998927116394, 0.9999991655349731, 0.9999997615814209, 0.9999998807907104, 1.0]}, "once in a lifetime": {"precision": [1.0, 1.0, 1.0, 1.0, 1.0, 1.0, 1.0, 1.0, 1.0, 1.0, 1.0, 1.0, 1.0, 1.0, 1.0], "recall": [1.0, 0.8823529411764706, 0.8235294117647058, 0.7647058823529411, 0.7058823529411765, 0.6470588235294118, 0.5882352941176471, 0.5294117647058824, 0.47058823529411764, 0.4117647058823529, 0.35294117647058826, 0.29411764705882354, 0.23529411764705882, 0.17647058823529413, 0.0], "thresholds": [0.9635075330734253, 0.9990359544754028, 0.9997833371162415, 0.9998345375061035, 0.9998403787612915, 0.999846339225769, 0.9999747276306152, 0.999976634979248, 0.9999769926071167, 0.9999781847000122, 0.9999784231185913, 0.9999797344207764, 0.9999996423721313, 1.0]}, "once per generation": {"precision": [1.0, 1.0, 1.0, 1.0, 1.0, 1.0, 1.0], "recall": [1.0, 0.9, 0.8, 0.7, 0.6, 0.5, 0.0], "thresholds": [0.9400827884674072, 0.9986096620559692, 0.9999659061431885, 0.9999912977218628, 0.9999998807907104, 1.0]}, "seasonally": {"precision": [1.0, 1.0, 1.0, 1.0], "recall": [1.0, 0.8571428571428571, 0.7142857142857143, 0.0], "thresholds": [0.9973412156105042, 0.9993981122970581, 1.0]}, "monthly/seasonal": {"precision": [1.0, 1.0], "recall": [1.0, 0.0], "thresholds": [0.9999990463256836]}, "weekly": {"precision": [1.0, 1.0], "recall": [1.0, 0.0], "thresholds": [0.9999998807907104]}}}}