{"Largest_scale_ritual_frequency_per_participant": {"class_counts": [["yearly", 42], ["once in a lifetime", 17], ["once per generation", 10], ["seasonally", 7], ["weekly", 1], ["monthly/seasonal", 1]], "avg_precision": 0.9820075757575758, "avg_recall": 0.9637254901960784, "avg_f1": 0.9722005860316755, "avg_accuracy": 0.9615384615384616, "weighted_precision": 0.9619026806526807, "weighted_recall": 0.9615384615384616, "weighted_f1": 0.9609164805003237, "weighted_accuracy": 0.9615384615384616, "class_precision": [0.9545454545454546, 0.9375, 1.0, 1.0, 1.0, 1.0], "class_recall": [1.0, 0.8823529411764706, 0.9, 1.0, 1.0, 1.0], "class_f1": [0.9767441860465117, 0.9090909090909091, 0.9473684210526316, 1.0, 1.0, 1.0], "class_accuracy": 0.9615384615384616, "num_classes": 6, "num_applicable_rows": 78, "confusion_matrix": [["yearly", [["yearly", 42]]], ["once in a lifetime", [["once in a lifetime", 15], ["yearly", 2]]], ["once per generation", [["once per generation", 9], ["once in a lifetime", 1]]], ["seasonally", [["seasonally", 7]]], ["weekly", [["weekly", 1]]], ["monthly/seasonal", [["monthly/seasonal", 1]]]], "precision_recall_curves": {"yearly": {"precision": [1.0, 1.0, 1.0, 1.0, 1.0, 1.0, 1.0, 1.0, 1.0, 1.0, 1.0, 1.0, 1.0, 1.0, 1.0, 1.0, 1.0, 1.0, 1.0, 1.0, 1.0, 1.0, 1.0, 1.0, 1.0, 1.0, 1.0, 1.0, 1.0, 1.0, 1.0, 1.0, 1.0, 1.0, 1.0], "recall": [1.0, 0.9761904761904762, 0.9523809523809523, 0.9047619047619048, 0.8809523809523809, 0.8571428571428571, 0.8333333333333334, 0.8095238095238095, 0.7857142857142857, 0.7619047619047619, 0.7380952380952381, 0.7142857142857143, 0.6904761904761905, 0.6666666666666666, 0.6428571428571429, 0.6190476190476191, 0.5952380952380952, 0.5714285714285714, 0.5476190476190477, 0.5238095238095238, 0.5, 0.47619047619047616, 0.4523809523809524, 0.42857142857142855, 0.40476190476190477, 0.38095238095238093, 0.35714285714285715, 0.30952380952380953, 0.2857142857142857, 0.2619047619047619, 0.21428571428571427, 0.19047619047619047, 0.16666666666666666, 0.14285714285714285, 0.0], "thresholds": [0.974722146987915, 0.9929169416427612, 0.9938374161720276, 0.9957154393196106, 0.996298611164093, 0.9968155026435852, 0.9992225170135498, 0.9992420673370361, 0.9993883371353149, 0.9995197057723999, 0.9995204210281372, 0.9995468258857727, 0.999578058719635, 0.9997145533561707, 0.9998223185539246, 0.9998267292976379, 0.9999186992645264, 0.9999620914459229, 0.9999711513519287, 0.9999732971191406, 0.9999881982803345, 0.9999905824661255, 0.999990701675415, 0.9999924898147583, 0.9999927282333374, 0.9999960660934448, 0.9999980926513672, 0.9999986886978149, 0.9999988079071045, 0.9999991655349731, 0.9999995231628418, 0.9999996423721313, 0.9999998807907104, 1.0]}, "once in a lifetime": {"precision": [0.9444444444444444, 0.9375, 1.0, 1.0, 1.0, 1.0, 1.0, 1.0, 1.0, 1.0, 1.0, 1.0, 1.0, 1.0, 1.0, 1.0, 1.0, 1.0], "recall": [1.0, 0.8823529411764706, 0.8823529411764706, 0.8235294117647058, 0.7647058823529411, 0.7058823529411765, 0.6470588235294118, 0.5882352941176471, 0.5294117647058824, 0.47058823529411764, 0.4117647058823529, 0.35294117647058826, 0.29411764705882354, 0.23529411764705882, 0.17647058823529413, 0.11764705882352941, 0.058823529411764705, 0.0], "thresholds": [0.2527558505535126, 0.6841886639595032, 0.9953073859214783, 0.9953378438949585, 0.9955678582191467, 0.9969308972358704, 0.9978330731391907, 0.9978827834129333, 0.9979339838027954, 0.9980388283729553, 0.9981374740600586, 0.9981967806816101, 0.9984427094459534, 0.9985841512680054, 0.9987142086029053, 0.9989957213401794, 1.0]}, "seasonally": {"precision": [1.0, 1.0, 1.0, 1.0, 1.0], "recall": [1.0, 0.8571428571428571, 0.7142857142857143, 0.42857142857142855, 0.0], "thresholds": [0.9880378246307373, 0.9964046478271484, 0.999972939491272, 0.9999821186065674]}, "once per generation": {"precision": [1.0, 1.0, 1.0, 1.0, 1.0, 1.0, 1.0, 1.0], "recall": [1.0, 0.9, 0.8, 0.7, 0.6, 0.2, 0.1, 0.0], "thresholds": [0.3098580539226532, 0.9966158270835876, 0.9993129968643188, 0.9998494386672974, 0.9999910593032837, 0.9999933242797852, 0.9999977350234985]}, "monthly/seasonal": {"precision": [1.0, 1.0], "recall": [1.0, 0.0], "thresholds": [0.9996873140335083]}, "weekly": {"precision": [1.0, 1.0], "recall": [1.0, 0.0], "thresholds": [0.9998146891593933]}}}}