{"Store_of_wealth": {"class_counts": [["1", 72], ["0", 17], ["0.1", 16]], "avg_precision": 0.9333333333333332, "avg_recall": 0.9515250544662309, "avg_f1": 0.9374347939488784, "avg_accuracy": 0.9619047619047619, "weighted_precision": 0.9695238095238095, "weighted_recall": 0.9619047619047619, "weighted_f1": 0.9632917877636187, "weighted_accuracy": 0.9619047619047619, "class_precision": [1.0, 1.0, 0.8], "class_recall": [0.9722222222222222, 0.8823529411764706, 1.0], "class_f1": [0.9859154929577464, 0.9375, 0.888888888888889], "class_accuracy": 0.9619047619047619, "num_classes": 3, "num_applicable_rows": 105, "confusion_matrix": [["1", [["1", 70], ["0.1", 2]]], ["0", [["0", 15], ["0.1", 2]]], ["0.1", [["0.1", 16]]]], "precision_recall_curves": {"1": {"precision": [1.0, 1.0, 1.0, 1.0, 1.0, 1.0, 1.0, 1.0, 1.0, 1.0, 1.0, 1.0, 1.0, 1.0, 1.0, 1.0, 1.0, 1.0, 1.0, 1.0, 1.0, 1.0, 1.0, 1.0, 1.0, 1.0, 1.0, 1.0, 1.0, 1.0, 1.0, 1.0, 1.0, 1.0, 1.0, 1.0, 1.0, 1.0, 1.0, 1.0, 1.0, 1.0, 1.0, 1.0, 1.0, 1.0, 1.0, 1.0, 1.0, 1.0, 1.0, 1.0, 1.0, 1.0, 1.0, 1.0, 1.0, 1.0, 1.0, 1.0, 1.0, 1.0, 1.0, 1.0], "recall": [1.0, 0.9861111111111112, 0.9722222222222222, 0.9583333333333334, 0.9444444444444444, 0.9305555555555556, 0.9166666666666666, 0.9027777777777778, 0.8888888888888888, 0.875, 0.8611111111111112, 0.8472222222222222, 0.8333333333333334, 0.8194444444444444, 0.8055555555555556, 0.7916666666666666, 0.7777777777777778, 0.7638888888888888, 0.75, 0.7361111111111112, 0.7222222222222222, 0.7083333333333334, 0.6944444444444444, 0.6805555555555556, 0.6666666666666666, 0.6527777777777778, 0.6388888888888888, 0.625, 0.6111111111111112, 0.5972222222222222, 0.5694444444444444, 0.5555555555555556, 0.5416666666666666, 0.5277777777777778, 0.5138888888888888, 0.5, 0.4861111111111111, 0.4722222222222222, 0.4583333333333333, 0.4444444444444444, 0.4305555555555556, 0.4027777777777778, 0.3888888888888889, 0.3611111111111111, 0.3472222222222222, 0.3194444444444444, 0.3055555555555556, 0.2916666666666667, 0.2777777777777778, 0.2638888888888889, 0.25, 0.2361111111111111, 0.2222222222222222, 0.20833333333333334, 0.19444444444444445, 0.1527777777777778, 0.1388888888888889, 0.125, 0.1111111111111111, 0.09722222222222222, 0.08333333333333333, 0.05555555555555555, 0.041666666666666664, 0.0], "thresholds": [0.03859333693981171, 0.12534579634666443, 0.8500058054924011, 0.8520408272743225, 0.8715896010398865, 0.8848418593406677, 0.9954302310943604, 0.9962090253829956, 0.9970743656158447, 0.9970756769180298, 0.9980964064598083, 0.9987371563911438, 0.9991942048072815, 0.9994102716445923, 0.9994109869003296, 0.9995678067207336, 0.9997456669807434, 0.9997947812080383, 0.999821126461029, 0.999822199344635, 0.9998406171798706, 0.9998489618301392, 0.9998764991760254, 0.9999066591262817, 0.9999450445175171, 0.9999524354934692, 0.9999550580978394, 0.9999556541442871, 0.9999626874923706, 0.9999655485153198, 0.9999667406082153, 0.9999704360961914, 0.9999735355377197, 0.9999781847000122, 0.9999792575836182, 0.9999793767929077, 0.999982476234436, 0.9999887943267822, 0.9999911785125732, 0.9999916553497314, 0.9999920129776001, 0.9999921321868896, 0.9999924898147583, 0.9999939203262329, 0.9999949932098389, 0.9999959468841553, 0.9999961853027344, 0.999996542930603, 0.9999967813491821, 0.9999969005584717, 0.9999970197677612, 0.9999974966049194, 0.9999979734420776, 0.9999983310699463, 0.9999986886978149, 0.9999988079071045, 0.9999991655349731, 0.9999994039535522, 0.9999995231628418, 0.9999996423721313, 0.9999997615814209, 0.9999998807907104, 1.0]}, "0.1": {"precision": [1.0, 1.0, 1.0, 1.0, 1.0, 1.0, 1.0, 1.0, 1.0, 1.0, 1.0, 1.0, 1.0, 1.0, 1.0, 1.0, 1.0], "recall": [1.0, 0.9375, 0.875, 0.8125, 0.75, 0.6875, 0.625, 0.5625, 0.5, 0.4375, 0.375, 0.3125, 0.25, 0.1875, 0.125, 0.0625, 0.0], "thresholds": [0.9934205412864685, 0.9991689920425415, 0.9993196725845337, 0.9997801184654236, 0.9997949004173279, 0.9998001456260681, 0.9998106360435486, 0.9999381303787231, 0.9999393224716187, 0.999940037727356, 0.9999414682388306, 0.9999595880508423, 0.999961256980896, 0.9999896287918091, 0.9999905824661255, 0.9999955892562866]}, "0": {"precision": [1.0, 1.0, 1.0, 1.0, 1.0, 1.0, 1.0, 1.0, 1.0, 1.0, 1.0, 1.0, 1.0, 1.0, 1.0, 1.0, 1.0, 1.0], "recall": [1.0, 0.9411764705882353, 0.8823529411764706, 0.8235294117647058, 0.7647058823529411, 0.7058823529411765, 0.6470588235294118, 0.5882352941176471, 0.5294117647058824, 0.47058823529411764, 0.4117647058823529, 0.35294117647058826, 0.29411764705882354, 0.23529411764705882, 0.17647058823529413, 0.11764705882352941, 0.058823529411764705, 0.0], "thresholds": [0.3143042325973511, 0.36181947588920593, 0.9444640874862671, 0.9762833118438721, 0.9781025052070618, 0.9932528138160706, 0.9933071732521057, 0.9934074878692627, 0.9964679479598999, 0.9969725608825684, 0.9971426129341125, 0.9988707900047302, 0.9994496703147888, 0.9997623562812805, 0.999968409538269, 0.9999686479568481, 0.9999827146530151]}}}}