{"Most_euphoric_ritual_frequency_per_participant": {"class_counts": [["yearly", 45], ["seasonally", 10], ["monthly", 4], ["once per generation", 4], ["once in a lifetime", 2]], "avg_precision": 0.7556521739130434, "avg_recall": 0.8, "avg_f1": 0.7755799755799756, "avg_accuracy": 0.9692307692307692, "weighted_precision": 0.9418729096989967, "weighted_recall": 0.9692307692307692, "weighted_f1": 0.9547853855546165, "weighted_accuracy": 0.9692307692307692, "class_precision": [0.9782608695652174, 1.0, 1.0, 0.8, 0.0], "class_recall": [1.0, 1.0, 1.0, 1.0, 0.0], "class_f1": [0.989010989010989, 1.0, 1.0, 0.888888888888889, 0.0], "class_accuracy": 0.9692307692307692, "num_classes": 5, "num_applicable_rows": 65, "confusion_matrix": [["yearly", [["yearly", 45]]], ["seasonally", [["seasonally", 10]]], ["monthly", [["monthly", 4]]], ["once per generation", [["once per generation", 4]]], ["once in a lifetime", [["yearly", 1], ["once per generation", 1]]]], "precision_recall_curves": {"yearly": {"precision": [1.0, 1.0, 1.0, 1.0, 1.0, 1.0, 1.0, 1.0, 1.0, 1.0, 1.0, 1.0, 1.0, 1.0, 1.0, 1.0, 1.0, 1.0, 1.0, 1.0, 1.0, 1.0, 1.0, 1.0, 1.0, 1.0, 1.0, 1.0, 1.0, 1.0, 1.0, 1.0, 1.0, 1.0, 1.0, 1.0, 1.0, 1.0, 1.0, 1.0, 1.0], "recall": [1.0, 0.9777777777777777, 0.9555555555555556, 0.9333333333333333, 0.9111111111111111, 0.8888888888888888, 0.8444444444444444, 0.8222222222222222, 0.8, 0.7777777777777778, 0.7555555555555555, 0.7333333333333333, 0.7111111111111111, 0.6888888888888889, 0.6666666666666666, 0.6444444444444445, 0.6222222222222222, 0.6, 0.5777777777777777, 0.5555555555555556, 0.5333333333333333, 0.5111111111111111, 0.4666666666666667, 0.4444444444444444, 0.4222222222222222, 0.4, 0.37777777777777777, 0.35555555555555557, 0.3333333333333333, 0.3111111111111111, 0.28888888888888886, 0.26666666666666666, 0.24444444444444444, 0.2222222222222222, 0.2, 0.17777777777777778, 0.15555555555555556, 0.13333333333333333, 0.1111111111111111, 0.044444444444444446, 0.0], "thresholds": [0.9909674525260925, 0.9938714504241943, 0.9957804679870605, 0.9970389604568481, 0.9977089166641235, 0.9981291890144348, 0.998401939868927, 0.998975396156311, 0.9990279674530029, 0.9991262555122375, 0.9992161989212036, 0.9992307424545288, 0.9994609951972961, 0.9995550513267517, 0.9995551705360413, 0.9995611310005188, 0.9995623230934143, 0.999659538269043, 0.9997637867927551, 0.9997921586036682, 0.9998401403427124, 0.9998784065246582, 0.9998785257339478, 0.9998979568481445, 0.9998999834060669, 0.9999276399612427, 0.999929666519165, 0.9999394416809082, 0.9999667406082153, 0.9999805688858032, 0.9999864101409912, 0.9999922513961792, 0.9999924898147583, 0.9999934434890747, 0.9999959468841553, 0.9999970197677612, 0.9999971389770508, 0.9999990463256836, 0.9999998807907104, 1.0]}, "seasonally": {"precision": [1.0, 1.0, 1.0, 1.0, 1.0, 1.0, 1.0, 1.0, 1.0, 1.0], "recall": [1.0, 0.9, 0.8, 0.7, 0.6, 0.4, 0.3, 0.2, 0.1, 0.0], "thresholds": [0.990440845489502, 0.9917970895767212, 0.9962018132209778, 0.9977140426635742, 0.9988429546356201, 0.999735414981842, 0.9997358918190002, 0.9998657703399658, 0.9998904466629028]}, "once per generation": {"precision": [1.0, 1.0, 1.0, 1.0, 1.0], "recall": [1.0, 0.75, 0.5, 0.25, 0.0], "thresholds": [0.9838107824325562, 0.9987039566040039, 0.9991534948348999, 0.9998834133148193]}, "once in a lifetime": {"precision": [1.0, 1.0, 1.0], "recall": [1.0, 0.5, 0.0], "thresholds": [0.13060082495212555, 0.14823020994663239]}, "monthly": {"precision": [1.0, 1.0, 1.0, 1.0], "recall": [1.0, 0.75, 0.25, 0.0], "thresholds": [0.9896882176399231, 0.9913538098335266, 0.9942797422409058]}}}}