{"Most_euphoric_ritual_frequency_per_participant": {"class_counts": [["yearly", 45], ["seasonally", 10], ["monthly", 4], ["once per generation", 4], ["once in a lifetime", 2]], "avg_precision": 0.7333333333333333, "avg_recall": 0.8, "avg_f1": 0.76, "avg_accuracy": 0.9692307692307692, "weighted_precision": 0.9487179487179487, "weighted_recall": 0.9692307692307692, "weighted_f1": 0.956923076923077, "weighted_accuracy": 0.9692307692307692, "class_precision": [1.0, 1.0, 1.0, 0.6666666666666666, 0.0], "class_recall": [1.0, 1.0, 1.0, 1.0, 0.0], "class_f1": [1.0, 1.0, 1.0, 0.8, 0.0], "class_accuracy": 0.9692307692307692, "num_classes": 5, "num_applicable_rows": 65, "confusion_matrix": [["yearly", [["yearly", 45]]], ["seasonally", [["seasonally", 10]]], ["monthly", [["monthly", 4]]], ["once per generation", [["once per generation", 4]]], ["once in a lifetime", [["once per generation", 2]]]], "precision_recall_curves": {"yearly": {"precision": [1.0, 1.0, 1.0, 1.0, 1.0, 1.0, 1.0, 1.0, 1.0, 1.0, 1.0, 1.0, 1.0, 1.0, 1.0, 1.0, 1.0, 1.0, 1.0, 1.0, 1.0, 1.0, 1.0, 1.0, 1.0, 1.0, 1.0, 1.0, 1.0, 1.0, 1.0, 1.0, 1.0, 1.0, 1.0, 1.0, 1.0, 1.0, 1.0, 1.0], "recall": [1.0, 0.9777777777777777, 0.9555555555555556, 0.9333333333333333, 0.9111111111111111, 0.8888888888888888, 0.8666666666666667, 0.8444444444444444, 0.8222222222222222, 0.8, 0.7777777777777778, 0.7333333333333333, 0.7111111111111111, 0.6888888888888889, 0.6666666666666666, 0.6444444444444445, 0.6222222222222222, 0.6, 0.5777777777777777, 0.5555555555555556, 0.5333333333333333, 0.5111111111111111, 0.4888888888888889, 0.4222222222222222, 0.4, 0.37777777777777777, 0.35555555555555557, 0.3333333333333333, 0.3111111111111111, 0.28888888888888886, 0.26666666666666666, 0.24444444444444444, 0.2, 0.17777777777777778, 0.15555555555555556, 0.13333333333333333, 0.1111111111111111, 0.06666666666666667, 0.044444444444444446, 0.0], "thresholds": [0.9935166835784912, 0.9963640570640564, 0.9969102740287781, 0.9974579215049744, 0.9975878000259399, 0.9981593489646912, 0.9987468719482422, 0.998872697353363, 0.9988862872123718, 0.9990859031677246, 0.9991683959960938, 0.9993626475334167, 0.9994600415229797, 0.9996083378791809, 0.9997498393058777, 0.9997817873954773, 0.999817430973053, 0.9998576641082764, 0.9998751878738403, 0.9998831748962402, 0.9999179840087891, 0.9999228715896606, 0.9999572038650513, 0.9999821186065674, 0.9999840259552002, 0.9999858140945435, 0.9999915361404419, 0.9999927282333374, 0.999992847442627, 0.9999936819076538, 0.9999946355819702, 0.9999961853027344, 0.9999964237213135, 0.9999967813491821, 0.9999970197677612, 0.9999979734420776, 0.9999996423721313, 0.9999998807907104, 1.0]}, "seasonally": {"precision": [1.0, 1.0, 1.0, 1.0, 1.0, 1.0, 1.0, 1.0, 1.0, 1.0], "recall": [1.0, 0.9, 0.8, 0.7, 0.6, 0.4, 0.3, 0.2, 0.1, 0.0], "thresholds": [0.9851378202438354, 0.9940669536590576, 0.9982555508613586, 0.9982713460922241, 0.9995450377464294, 0.9999033212661743, 0.9999498128890991, 0.9999499320983887, 0.999971866607666]}, "once per generation": {"precision": [1.0, 1.0, 1.0, 1.0, 1.0], "recall": [1.0, 0.75, 0.5, 0.25, 0.0], "thresholds": [0.9877216219902039, 0.9988113641738892, 0.9990453124046326, 0.999913215637207]}, "once in a lifetime": {"precision": [1.0, 1.0, 1.0], "recall": [1.0, 0.5, 0.0], "thresholds": [0.08349096029996872, 0.2688080668449402]}, "monthly": {"precision": [1.0, 1.0, 1.0, 1.0], "recall": [1.0, 0.75, 0.25, 0.0], "thresholds": [0.9837164878845215, 0.9912623167037964, 0.9966805577278137]}}}}