{"Most_euphoric_ritual_frequency_per_participant": {"class_counts": [["yearly", 45], ["seasonally", 11], ["once per generation", 4], ["monthly", 4], ["once in a lifetime", 2], ["weekly", 1]], "avg_precision": 0.9666666666666667, "avg_recall": 0.9166666666666666, "avg_f1": 0.9259259259259259, "avg_accuracy": 0.9850746268656716, "weighted_precision": 0.9880597014925373, "weighted_recall": 0.9850746268656716, "weighted_f1": 0.9834162520729685, "weighted_accuracy": 0.9850746268656716, "class_precision": [1.0, 1.0, 0.8, 1.0, 1.0, 1.0], "class_recall": [1.0, 1.0, 1.0, 1.0, 0.5, 1.0], "class_f1": [1.0, 1.0, 0.888888888888889, 1.0, 0.6666666666666666, 1.0], "class_accuracy": 0.9850746268656716, "num_classes": 6, "num_applicable_rows": 67, "confusion_matrix": [["yearly", [["yearly", 45]]], ["seasonally", [["seasonally", 11]]], ["once per generation", [["once per generation", 4]]], ["monthly", [["monthly", 4]]], ["once in a lifetime", [["once per generation", 1], ["once in a lifetime", 1]]], ["weekly", [["weekly", 1]]]], "precision_recall_curves": {"yearly": {"precision": [1.0, 1.0, 1.0, 1.0, 1.0, 1.0, 1.0, 1.0, 1.0, 1.0, 1.0, 1.0, 1.0, 1.0, 1.0, 1.0, 1.0, 1.0, 1.0, 1.0, 1.0, 1.0, 1.0, 1.0, 1.0, 1.0, 1.0, 1.0, 1.0, 1.0, 1.0, 1.0, 1.0, 1.0, 1.0, 1.0, 1.0, 1.0, 1.0, 1.0], "recall": [1.0, 0.9777777777777777, 0.9555555555555556, 0.9333333333333333, 0.9111111111111111, 0.8888888888888888, 0.8666666666666667, 0.8444444444444444, 0.8222222222222222, 0.8, 0.7555555555555555, 0.7333333333333333, 0.7111111111111111, 0.6888888888888889, 0.6666666666666666, 0.6222222222222222, 0.6, 0.5777777777777777, 0.5555555555555556, 0.5333333333333333, 0.5111111111111111, 0.4888888888888889, 0.4666666666666667, 0.4444444444444444, 0.4222222222222222, 0.4, 0.37777777777777777, 0.35555555555555557, 0.3333333333333333, 0.3111111111111111, 0.28888888888888886, 0.26666666666666666, 0.24444444444444444, 0.2222222222222222, 0.2, 0.17777777777777778, 0.15555555555555556, 0.13333333333333333, 0.08888888888888889, 0.0], "thresholds": [0.9948757290840149, 0.9950020909309387, 0.997016191482544, 0.9972422122955322, 0.9983079433441162, 0.9983429908752441, 0.9988399147987366, 0.9988817572593689, 0.998944103717804, 0.9991857409477234, 0.9996473789215088, 0.9997836947441101, 0.9998237490653992, 0.9998323917388916, 0.9998400211334229, 0.9998539686203003, 0.9998555183410645, 0.999895453453064, 0.9999054670333862, 0.9999173879623413, 0.9999256134033203, 0.9999263286590576, 0.9999514818191528, 0.9999642372131348, 0.9999703168869019, 0.9999721050262451, 0.9999829530715942, 0.9999902248382568, 0.9999903440475464, 0.9999910593032837, 0.9999942779541016, 0.9999943971633911, 0.9999978542327881, 0.9999980926513672, 0.9999983310699463, 0.9999990463256836, 0.9999995231628418, 0.9999998807907104, 1.0]}, "seasonally": {"precision": [1.0, 1.0, 1.0, 1.0, 1.0, 1.0, 1.0, 1.0, 1.0, 1.0, 1.0], "recall": [1.0, 0.9090909090909091, 0.8181818181818182, 0.7272727272727273, 0.6363636363636364, 0.5454545454545454, 0.36363636363636365, 0.2727272727272727, 0.18181818181818182, 0.09090909090909091, 0.0], "thresholds": [0.9855551719665527, 0.990136981010437, 0.9974513649940491, 0.997584342956543, 0.9978932738304138, 0.9996765851974487, 0.9998461008071899, 0.9998464584350586, 0.9998610019683838, 0.9999641180038452]}, "once per generation": {"precision": [1.0, 1.0, 1.0, 1.0, 1.0], "recall": [1.0, 0.75, 0.5, 0.25, 0.0], "thresholds": [0.9896873831748962, 0.9977269768714905, 0.9990642666816711, 0.9997841715812683]}, "once in a lifetime": {"precision": [1.0, 1.0, 1.0], "recall": [1.0, 0.5, 0.0], "thresholds": [0.3844718337059021, 0.4634046256542206]}, "monthly": {"precision": [1.0, 1.0, 1.0, 1.0, 1.0], "recall": [1.0, 0.75, 0.5, 0.25, 0.0], "thresholds": [0.9943628311157227, 0.9944537281990051, 0.994468092918396, 0.994722843170166]}, "weekly": {"precision": [1.0, 1.0], "recall": [1.0, 0.0], "thresholds": [0.9816854000091553]}}}}