{"Most_euphoric_ritual_frequency_for_audience": {"class_counts": [["not applicable", 50], ["yearly", 21], ["once per generation", 2], ["seasonally", 1]], "avg_precision": 0.8608490566037736, "avg_recall": 0.8392857142857143, "avg_f1": 0.8484876773711725, "avg_accuracy": 0.9459459459459459, "weighted_precision": 0.9482406935237124, "weighted_recall": 0.9459459459459459, "weighted_f1": 0.9449770906081586, "weighted_accuracy": 0.9459459459459459, "class_precision": [0.9433962264150944, 1.0, 0.5, 1.0], "class_recall": [1.0, 0.8571428571428571, 0.5, 1.0], "class_f1": [0.970873786407767, 0.923076923076923, 0.5, 1.0], "class_accuracy": 0.9459459459459459, "num_classes": 4, "num_applicable_rows": 74, "confusion_matrix": [["not applicable", [["not applicable", 50]]], ["yearly", [["yearly", 18], ["not applicable", 2], ["once per generation", 1]]], ["once per generation", [["not applicable", 1], ["once per generation", 1]]], ["seasonally", [["seasonally", 1]]]], "precision_recall_curves": {"not applicable": {"precision": [0.9803921568627451, 0.98, 1.0, 1.0, 1.0, 1.0, 1.0, 1.0, 1.0, 1.0, 1.0, 1.0, 1.0, 1.0, 1.0, 1.0, 1.0, 1.0, 1.0, 1.0, 1.0, 1.0, 1.0, 1.0, 1.0, 1.0, 1.0, 1.0, 1.0, 1.0, 1.0, 1.0, 1.0, 1.0, 1.0, 1.0, 1.0, 1.0, 1.0, 1.0, 1.0, 1.0], "recall": [1.0, 0.98, 0.98, 0.96, 0.94, 0.92, 0.9, 0.88, 0.86, 0.84, 0.82, 0.8, 0.78, 0.76, 0.74, 0.72, 0.7, 0.68, 0.66, 0.64, 0.62, 0.6, 0.58, 0.56, 0.54, 0.52, 0.5, 0.48, 0.46, 0.44, 0.42, 0.4, 0.38, 0.32, 0.3, 0.28, 0.24, 0.2, 0.18, 0.16, 0.12, 0.0], "thresholds": [0.9090009331703186, 0.939072847366333, 0.9957245588302612, 0.9970490336418152, 0.9971983432769775, 0.9972081780433655, 0.9975844621658325, 0.9988644123077393, 0.9988766312599182, 0.9994256496429443, 0.9994935989379883, 0.9995096921920776, 0.9995330572128296, 0.9996525049209595, 0.9996795654296875, 0.9997089505195618, 0.999731719493866, 0.9997943043708801, 0.9998268485069275, 0.9998692274093628, 0.9998774528503418, 0.9999089241027832, 0.9999291896820068, 0.9999510049819946, 0.9999675750732422, 0.9999771118164062, 0.9999798536300659, 0.9999805688858032, 0.999981164932251, 0.999983549118042, 0.999984860420227, 0.9999940395355225, 0.9999967813491821, 0.9999974966049194, 0.9999988079071045, 0.9999990463256836, 0.9999994039535522, 0.9999995231628418, 0.9999996423721313, 0.9999998807907104, 1.0]}, "yearly": {"precision": [1.0, 1.0, 1.0, 1.0, 1.0, 1.0, 1.0, 1.0, 1.0, 1.0, 1.0, 1.0, 1.0, 1.0, 1.0, 1.0, 1.0, 1.0, 1.0, 1.0, 1.0, 1.0], "recall": [1.0, 0.9523809523809523, 0.9047619047619048, 0.8571428571428571, 0.8095238095238095, 0.7619047619047619, 0.7142857142857143, 0.6666666666666666, 0.6190476190476191, 0.5714285714285714, 0.5238095238095238, 0.47619047619047616, 0.42857142857142855, 0.38095238095238093, 0.3333333333333333, 0.2857142857142857, 0.23809523809523808, 0.19047619047619047, 0.14285714285714285, 0.09523809523809523, 0.047619047619047616, 0.0], "thresholds": [0.28363746404647827, 0.3635060489177704, 0.37995439767837524, 0.46851420402526855, 0.5250261425971985, 0.840544581413269, 0.8816512823104858, 0.9804444313049316, 0.989590585231781, 0.9932002425193787, 0.9959514141082764, 0.9987640380859375, 0.9995903372764587, 0.9998397827148438, 0.9998408555984497, 0.9998646974563599, 0.999890923500061, 0.9999823570251465, 0.9999983310699463, 0.9999992847442627, 1.0]}, "once per generation": {"precision": [0.6666666666666666, 0.5, 1.0, 1.0], "recall": [1.0, 0.5, 0.5, 0.0], "thresholds": [0.06092691048979759, 0.3962201178073883, 0.9986031651496887]}, "seasonally": {"precision": [1.0, 1.0], "recall": [1.0, 0.0], "thresholds": [0.9484755396842957]}}}}