{"Most_dysphoric_ritual_frequency_per_participant": {"class_counts": [["yearly", 19], ["once in a lifetime", 19], ["once per generation", 7], ["seasonally", 4], ["monthly", 1]], "avg_precision": 1.0, "avg_recall": 1.0, "avg_f1": 1.0, "avg_accuracy": 1.0, "weighted_precision": 1.0, "weighted_recall": 1.0, "weighted_f1": 1.0, "weighted_accuracy": 1.0, "class_precision": [1.0, 1.0, 1.0, 1.0, 1.0], "class_recall": [1.0, 1.0, 1.0, 1.0, 1.0], "class_f1": [1.0, 1.0, 1.0, 1.0, 1.0], "class_accuracy": 1.0, "num_classes": 5, "num_applicable_rows": 50, "confusion_matrix": [["yearly", [["yearly", 19]]], ["once in a lifetime", [["once in a lifetime", 19]]], ["once per generation", [["once per generation", 7]]], ["seasonally", [["seasonally", 4]]], ["monthly", [["monthly", 1]]]], "precision_recall_curves": {"once in a lifetime": {"precision": [1.0, 1.0], "recall": [1.0, 0.0], "thresholds": [1.0]}, "yearly": {"precision": [1.0, 1.0, 1.0, 1.0, 1.0, 1.0], "recall": [1.0, 0.9473684210526315, 0.8947368421052632, 0.8421052631578947, 0.7894736842105263, 0.0], "thresholds": [0.9999960660934448, 0.9999967813491821, 0.999998927116394, 0.9999998807907104, 1.0]}, "seasonally": {"precision": [1.0, 1.0], "recall": [1.0, 0.0], "thresholds": [1.0]}, "once per generation": {"precision": [1.0, 1.0, 1.0, 1.0], "recall": [1.0, 0.8571428571428571, 0.7142857142857143, 0.0], "thresholds": [0.9999548196792603, 0.9999947547912598, 1.0]}, "monthly": {"precision": [1.0, 1.0], "recall": [1.0, 0.0], "thresholds": [0.9999988079071045]}}}}