{"Most_widespread_ritual_frequency_for_audience": {"class_counts": [["not applicable", 48], ["daily", 11], ["weekly", 5], ["yearly", 5], ["monthly", 4], ["seasonal", 2], ["seasonally", 1]], "avg_precision": 0.966282165039929, "avg_recall": 0.9625, "avg_f1": 0.9609050996285039, "avg_accuracy": 0.9473684210526315, "weighted_precision": 0.9552549852893102, "weighted_recall": 0.9473684210526315, "weighted_f1": 0.9484459375388827, "weighted_accuracy": 0.9473684210526315, "class_precision": [0.9782608695652174, 0.7857142857142857, 1.0, 1.0, 1.0, 1.0, 1.0], "class_recall": [0.9375, 1.0, 1.0, 0.8, 1.0, 1.0, 1.0], "class_f1": [0.9574468085106383, 0.88, 1.0, 0.888888888888889, 1.0, 1.0, 1.0], "class_accuracy": 0.9473684210526315, "num_classes": 7, "num_applicable_rows": 76, "confusion_matrix": [["not applicable", [["not applicable", 45], ["daily", 3]]], ["daily", [["daily", 11]]], ["weekly", [["weekly", 5]]], ["yearly", [["yearly", 4], ["not applicable", 1]]], ["monthly", [["monthly", 4]]], ["seasonal", [["seasonal", 2]]], ["seasonally", [["seasonally", 1]]]], "precision_recall_curves": {"not applicable": {"precision": [0.9795918367346939, 0.9791666666666666, 0.9787234042553191, 0.9782608695652174, 0.9777777777777777, 0.9772727272727273, 0.9767441860465116, 0.9761904761904762, 0.975609756097561, 0.975, 0.9743589743589743, 0.9736842105263158, 0.972972972972973, 0.9722222222222222, 1.0, 1.0, 1.0, 1.0, 1.0, 1.0, 1.0, 1.0, 1.0, 1.0, 1.0, 1.0, 1.0, 1.0, 1.0, 1.0, 1.0, 1.0, 1.0, 1.0, 1.0, 1.0, 1.0, 1.0, 1.0, 1.0, 1.0, 1.0, 1.0, 1.0, 1.0, 1.0, 1.0, 1.0, 1.0, 1.0], "recall": [1.0, 0.9791666666666666, 0.9583333333333334, 0.9375, 0.9166666666666666, 0.8958333333333334, 0.875, 0.8541666666666666, 0.8333333333333334, 0.8125, 0.7916666666666666, 0.7708333333333334, 0.75, 0.7291666666666666, 0.7291666666666666, 0.7083333333333334, 0.6875, 0.6666666666666666, 0.6458333333333334, 0.625, 0.6041666666666666, 0.5833333333333334, 0.5625, 0.5416666666666666, 0.5208333333333334, 0.5, 0.4791666666666667, 0.4583333333333333, 0.4375, 0.4166666666666667, 0.3958333333333333, 0.375, 0.3541666666666667, 0.3333333333333333, 0.3125, 0.2916666666666667, 0.2708333333333333, 0.25, 0.22916666666666666, 0.20833333333333334, 0.1875, 0.16666666666666666, 0.14583333333333334, 0.125, 0.10416666666666667, 0.08333333333333333, 0.0625, 0.041666666666666664, 0.020833333333333332, 0.0], "thresholds": [0.07922126352787018, 0.09747255593538284, 0.09792633354663849, 0.8009223341941833, 0.8374559879302979, 0.8503875732421875, 0.8569393157958984, 0.9051504135131836, 0.9311490058898926, 0.9594935178756714, 0.9659389853477478, 0.9680840373039246, 0.9760236740112305, 0.9768896698951721, 0.977329432964325, 0.985007643699646, 0.9867393970489502, 0.9883506298065186, 0.9893150329589844, 0.9932087063789368, 0.995997428894043, 0.996016800403595, 0.996819257736206, 0.997007429599762, 0.9970850348472595, 0.9973451495170593, 0.9977061748504639, 0.9977454543113708, 0.998129665851593, 0.9981598258018494, 0.9985652565956116, 0.9986317753791809, 0.9986458420753479, 0.9991723299026489, 0.9995700716972351, 0.9997542500495911, 0.9998400211334229, 0.9998698234558105, 0.999882698059082, 0.999895453453064, 0.9999159574508667, 0.9999579191207886, 0.9999593496322632, 0.9999663829803467, 0.9999668598175049, 0.9999837875366211, 0.9999840259552002, 0.999994158744812, 0.9999985694885254]}, "daily": {"precision": [1.0, 1.0, 1.0, 1.0, 1.0, 1.0, 1.0, 1.0, 1.0, 1.0, 1.0, 1.0], "recall": [1.0, 0.9090909090909091, 0.8181818181818182, 0.7272727272727273, 0.6363636363636364, 0.5454545454545454, 0.45454545454545453, 0.36363636363636365, 0.2727272727272727, 0.18181818181818182, 0.09090909090909091, 0.0], "thresholds": [0.8114007115364075, 0.9516468644142151, 0.9854069948196411, 0.9890241622924805, 0.9951850771903992, 0.9952173233032227, 0.9958600401878357, 0.9969262480735779, 0.9978410005569458, 0.9983194470405579, 0.9983876943588257]}, "yearly": {"precision": [0.5555555555555556, 0.5, 0.5714285714285714, 0.6666666666666666, 0.8, 1.0, 1.0, 1.0, 1.0, 1.0], "recall": [1.0, 0.8, 0.8, 0.8, 0.8, 0.8, 0.6, 0.4, 0.2, 0.0], "thresholds": [0.017095141112804413, 0.023264875635504723, 0.03580169379711151, 0.04557929188013077, 0.19886425137519836, 0.953056812286377, 0.9689227938652039, 0.9848381280899048, 0.9997093081474304]}, "monthly": {"precision": [1.0, 1.0, 1.0, 1.0, 1.0], "recall": [1.0, 0.75, 0.5, 0.25, 0.0], "thresholds": [0.959513247013092, 0.9974430799484253, 0.9979181885719299, 0.9979276657104492]}, "seasonally": {"precision": [1.0, 1.0], "recall": [1.0, 0.0], "thresholds": [0.9858976602554321]}, "weekly": {"precision": [1.0, 1.0, 1.0, 1.0, 1.0, 1.0], "recall": [1.0, 0.8, 0.6, 0.4, 0.2, 0.0], "thresholds": [0.9629387259483337, 0.9733120799064636, 0.9876060485839844, 0.9972534775733948, 0.9995012283325195]}, "seasonal": {"precision": [1.0, 1.0, 1.0], "recall": [1.0, 0.5, 0.0], "thresholds": [0.9058172702789307, 0.9500013589859009]}}}}