{"Most_euphoric_ritual_frequency_per_participant": {"class_counts": [["yearly", 45], ["seasonally", 11], ["monthly", 4], ["once per generation", 4], ["once in a lifetime", 2], ["weekly", 1]], "avg_precision": 0.7777777777777777, "avg_recall": 0.8333333333333334, "avg_f1": 0.7999999999999999, "avg_accuracy": 0.9701492537313433, "weighted_precision": 0.9502487562189055, "weighted_recall": 0.9701492537313433, "weighted_f1": 0.9582089552238806, "weighted_accuracy": 0.9701492537313433, "class_precision": [1.0, 1.0, 1.0, 0.6666666666666666, 0.0, 1.0], "class_recall": [1.0, 1.0, 1.0, 1.0, 0.0, 1.0], "class_f1": [1.0, 1.0, 1.0, 0.8, 0.0, 1.0], "class_accuracy": 0.9701492537313433, "num_classes": 6, "num_applicable_rows": 67, "confusion_matrix": [["yearly", [["yearly", 45]]], ["seasonally", [["seasonally", 11]]], ["monthly", [["monthly", 4]]], ["once per generation", [["once per generation", 4]]], ["once in a lifetime", [["once per generation", 2]]], ["weekly", [["weekly", 1]]]], "precision_recall_curves": {"yearly": {"precision": [1.0, 1.0, 1.0, 1.0, 1.0, 1.0, 1.0, 1.0, 1.0, 1.0, 1.0, 1.0, 1.0, 1.0, 1.0, 1.0, 1.0, 1.0, 1.0, 1.0, 1.0, 1.0, 1.0, 1.0, 1.0, 1.0, 1.0, 1.0, 1.0, 1.0, 1.0, 1.0, 1.0, 1.0, 1.0, 1.0, 1.0, 1.0, 1.0, 1.0, 1.0], "recall": [1.0, 0.9777777777777777, 0.9555555555555556, 0.9333333333333333, 0.9111111111111111, 0.8888888888888888, 0.8666666666666667, 0.8444444444444444, 0.8222222222222222, 0.8, 0.7777777777777778, 0.7555555555555555, 0.7333333333333333, 0.7111111111111111, 0.6888888888888889, 0.6666666666666666, 0.6444444444444445, 0.6222222222222222, 0.6, 0.5777777777777777, 0.5555555555555556, 0.5333333333333333, 0.5111111111111111, 0.4888888888888889, 0.4666666666666667, 0.4444444444444444, 0.4222222222222222, 0.4, 0.37777777777777777, 0.35555555555555557, 0.3333333333333333, 0.3111111111111111, 0.28888888888888886, 0.26666666666666666, 0.24444444444444444, 0.2222222222222222, 0.17777777777777778, 0.13333333333333333, 0.1111111111111111, 0.08888888888888889, 0.0], "thresholds": [0.9599829912185669, 0.9981352090835571, 0.9988786578178406, 0.9991693496704102, 0.9992042183876038, 0.9993353486061096, 0.9993494153022766, 0.9993776679039001, 0.9993996620178223, 0.9996116757392883, 0.9997612833976746, 0.9998972415924072, 0.999900221824646, 0.9999076128005981, 0.9999091625213623, 0.9999299049377441, 0.9999316930770874, 0.999954342842102, 0.9999614953994751, 0.999970555305481, 0.9999721050262451, 0.9999839067459106, 0.9999856948852539, 0.999985933303833, 0.9999876022338867, 0.999988317489624, 0.9999886751174927, 0.9999940395355225, 0.9999953508377075, 0.9999955892562866, 0.999997615814209, 0.9999977350234985, 0.9999978542327881, 0.9999985694885254, 0.9999992847442627, 0.9999994039535522, 0.9999995231628418, 0.9999997615814209, 0.9999998807907104, 1.0]}, "seasonally": {"precision": [1.0, 1.0, 1.0, 1.0, 1.0, 1.0, 1.0, 1.0, 1.0, 1.0, 1.0, 1.0], "recall": [1.0, 0.9090909090909091, 0.8181818181818182, 0.7272727272727273, 0.6363636363636364, 0.5454545454545454, 0.45454545454545453, 0.36363636363636365, 0.2727272727272727, 0.18181818181818182, 0.09090909090909091, 0.0], "thresholds": [0.9875267148017883, 0.9986936450004578, 0.999026894569397, 0.9995145797729492, 0.9997621178627014, 0.9999035596847534, 0.9999383687973022, 0.999970555305481, 0.9999707937240601, 0.999976396560669, 0.9999768733978271]}, "once per generation": {"precision": [0.6666666666666666, 0.6, 0.75, 1.0, 1.0, 1.0, 1.0], "recall": [1.0, 0.75, 0.75, 0.75, 0.5, 0.25, 0.0], "thresholds": [0.8589165210723877, 0.8999135494232178, 0.9224210977554321, 0.9903850555419922, 0.9978476762771606, 0.9999568462371826]}, "once in a lifetime": {"precision": [1.0, 1.0, 1.0], "recall": [1.0, 0.5, 0.0], "thresholds": [0.0250112134963274, 0.0594339594244957]}, "monthly": {"precision": [1.0, 1.0, 1.0, 1.0, 1.0], "recall": [1.0, 0.75, 0.5, 0.25, 0.0], "thresholds": [0.982568621635437, 0.9878567457199097, 0.9898045063018799, 0.9990993738174438]}, "weekly": {"precision": [1.0, 1.0], "recall": [1.0, 0.0], "thresholds": [0.8438600897789001]}}}}