{"Administrative_levels": {"class_counts": [["5", 27], ["4", 26], ["1", 25], ["3", 22], ["2", 14], ["6", 7], ["8", 5], ["7", 5], ["0", 2], ["9", 1]], "avg_precision": 0.981304347826087, "avg_recall": 0.9696303696303696, "avg_f1": 0.9742554187666969, "avg_accuracy": 0.9626865671641791, "weighted_precision": 0.9655743024010384, "weighted_recall": 0.9626865671641791, "weighted_f1": 0.9625521076761117, "weighted_accuracy": 0.9626865671641791, "class_precision": [0.9, 1.0, 1.0, 0.9130434782608695, 1.0, 1.0, 1.0, 1.0, 1.0, 1.0], "class_recall": [1.0, 0.8846153846153846, 1.0, 0.9545454545454546, 1.0, 0.8571428571428571, 1.0, 1.0, 1.0, 1.0], "class_f1": [0.9473684210526316, 0.9387755102040816, 1.0, 0.9333333333333332, 1.0, 0.923076923076923, 1.0, 1.0, 1.0, 1.0], "class_accuracy": 0.9626865671641791, "num_classes": 10, "num_applicable_rows": 134, "confusion_matrix": [["5", [["5", 27]]], ["4", [["4", 23], ["3", 2], ["5", 1]]], ["1", [["1", 25]]], ["3", [["3", 21], ["5", 1]]], ["2", [["2", 14]]], ["6", [["6", 6], ["5", 1]]], ["8", [["8", 5]]], ["7", [["7", 5]]], ["0", [["0", 2]]], ["9", [["9", 1]]]], "precision_recall_curves": {"1": {"precision": [1.0, 1.0, 1.0, 1.0, 1.0, 1.0, 1.0, 1.0, 1.0, 1.0, 1.0, 1.0, 1.0, 1.0, 1.0, 1.0, 1.0, 1.0, 1.0, 1.0, 1.0, 1.0, 1.0, 1.0, 1.0, 1.0], "recall": [1.0, 0.96, 0.92, 0.88, 0.84, 0.8, 0.76, 0.72, 0.68, 0.64, 0.6, 0.56, 0.52, 0.48, 0.44, 0.4, 0.36, 0.32, 0.28, 0.24, 0.2, 0.16, 0.12, 0.08, 0.04, 0.0], "thresholds": [0.8718441724777222, 0.9937756061553955, 0.9939749836921692, 0.9943615198135376, 0.9987928867340088, 0.9988155364990234, 0.9988334774971008, 0.9989074468612671, 0.9989282488822937, 0.9991194605827332, 0.9991649389266968, 0.999167799949646, 0.9993366599082947, 0.9993656277656555, 0.9994049072265625, 0.9994090795516968, 0.9995065927505493, 0.9997950196266174, 0.9998250603675842, 0.9998276233673096, 0.9998313188552856, 0.999893069267273, 0.9999006986618042, 0.9999529123306274, 0.9999725818634033]}, "4": {"precision": [0.7428571428571429, 0.7352941176470589, 0.7575757575757576, 0.78125, 0.7741935483870968, 0.8, 0.8275862068965517, 0.8571428571428571, 0.8888888888888888, 0.9230769230769231, 0.92, 0.9583333333333334, 1.0, 1.0, 1.0, 1.0, 1.0, 1.0, 1.0, 1.0, 1.0, 1.0, 1.0, 1.0, 1.0, 1.0, 1.0, 1.0, 1.0, 1.0, 1.0, 1.0, 1.0, 1.0, 1.0, 1.0], "recall": [1.0, 0.9615384615384616, 0.9615384615384616, 0.9615384615384616, 0.9230769230769231, 0.9230769230769231, 0.9230769230769231, 0.9230769230769231, 0.9230769230769231, 0.9230769230769231, 0.8846153846153846, 0.8846153846153846, 0.8846153846153846, 0.8461538461538461, 0.8076923076923077, 0.7692307692307693, 0.7307692307692307, 0.6923076923076923, 0.6538461538461539, 0.6153846153846154, 0.5769230769230769, 0.5384615384615384, 0.5, 0.46153846153846156, 0.4230769230769231, 0.38461538461538464, 0.34615384615384615, 0.3076923076923077, 0.2692307692307692, 0.23076923076923078, 0.19230769230769232, 0.15384615384615385, 0.11538461538461539, 0.07692307692307693, 0.038461538461538464, 0.0], "thresholds": [0.014096257276833057, 0.014174929820001125, 0.01599002815783024, 0.016387762501835823, 0.022884665057063103, 0.036528997123241425, 0.09315438568592072, 0.10328260809183121, 0.11614076048135757, 0.14519146084785461, 0.3050399422645569, 0.33410418033599854, 0.6221932172775269, 0.6823636889457703, 0.757756233215332, 0.8115140199661255, 0.8152334094047546, 0.8543143272399902, 0.8867761492729187, 0.8931038975715637, 0.8935254216194153, 0.8985609412193298, 0.9286080598831177, 0.9501580595970154, 0.9630045890808105, 0.9745038151741028, 0.9785858392715454, 0.9904336929321289, 0.9938702583312988, 0.9977694749832153, 0.99798583984375, 0.997990608215332, 0.9980060458183289, 0.9995834231376648, 0.9999023675918579]}, "5": {"precision": [0.9310344827586207, 0.9285714285714286, 0.9259259259259259, 0.9230769230769231, 0.92, 0.9583333333333334, 1.0, 1.0, 1.0, 1.0, 1.0, 1.0, 1.0, 1.0, 1.0, 1.0, 1.0, 1.0, 1.0, 1.0, 1.0, 1.0, 1.0, 1.0, 1.0, 1.0, 1.0, 1.0, 1.0, 1.0], "recall": [1.0, 0.9629629629629629, 0.9259259259259259, 0.8888888888888888, 0.8518518518518519, 0.8518518518518519, 0.8518518518518519, 0.8148148148148148, 0.7777777777777778, 0.7407407407407407, 0.7037037037037037, 0.6666666666666666, 0.6296296296296297, 0.5925925925925926, 0.5555555555555556, 0.5185185185185185, 0.48148148148148145, 0.4444444444444444, 0.4074074074074074, 0.37037037037037035, 0.3333333333333333, 0.2962962962962963, 0.25925925925925924, 0.2222222222222222, 0.18518518518518517, 0.14814814814814814, 0.1111111111111111, 0.07407407407407407, 0.037037037037037035, 0.0], "thresholds": [0.7547146677970886, 0.7674129605293274, 0.7771241068840027, 0.8372794985771179, 0.8509178757667542, 0.8824377059936523, 0.9420745968818665, 0.9444025158882141, 0.9553001523017883, 0.9708834886550903, 0.9736741781234741, 0.9738760590553284, 0.9760839343070984, 0.9772879481315613, 0.9798482060432434, 0.9803013205528259, 0.9827849268913269, 0.9857044219970703, 0.9892063140869141, 0.9896665811538696, 0.9905593395233154, 0.9929331541061401, 0.9954736828804016, 0.9964659214019775, 0.9968398809432983, 0.997123658657074, 0.997869610786438, 0.9979471564292908, 0.9988137483596802]}, "3": {"precision": [0.9166666666666666, 0.9130434782608695, 0.9090909090909091, 0.9047619047619048, 0.9, 0.8947368421052632, 0.9444444444444444, 0.9411764705882353, 0.9375, 1.0, 1.0, 1.0, 1.0, 1.0, 1.0, 1.0, 1.0, 1.0, 1.0, 1.0, 1.0, 1.0, 1.0, 1.0, 1.0], "recall": [1.0, 0.9545454545454546, 0.9090909090909091, 0.8636363636363636, 0.8181818181818182, 0.7727272727272727, 0.7727272727272727, 0.7272727272727273, 0.6818181818181818, 0.6818181818181818, 0.6363636363636364, 0.5909090909090909, 0.5454545454545454, 0.5, 0.45454545454545453, 0.4090909090909091, 0.36363636363636365, 0.3181818181818182, 0.2727272727272727, 0.22727272727272727, 0.18181818181818182, 0.13636363636363635, 0.09090909090909091, 0.045454545454545456, 0.0], "thresholds": [0.3929121494293213, 0.6494924426078796, 0.6818273663520813, 0.7024590969085693, 0.8235810399055481, 0.8399571180343628, 0.9594391584396362, 0.978022575378418, 0.9804445505142212, 0.9807531237602234, 0.9810856580734253, 0.9850080013275146, 0.9913859367370605, 0.995698094367981, 0.9961941242218018, 0.9967696666717529, 0.997338593006134, 0.9980438947677612, 0.9986528158187866, 0.998938262462616, 0.9991458654403687, 0.9991512298583984, 0.9998637437820435, 0.9999399185180664]}, "2": {"precision": [1.0, 1.0, 1.0, 1.0, 1.0, 1.0, 1.0, 1.0, 1.0, 1.0, 1.0, 1.0, 1.0, 1.0, 1.0], "recall": [1.0, 0.9285714285714286, 0.8571428571428571, 0.7857142857142857, 0.7142857142857143, 0.6428571428571429, 0.5714285714285714, 0.5, 0.42857142857142855, 0.35714285714285715, 0.2857142857142857, 0.21428571428571427, 0.14285714285714285, 0.07142857142857142, 0.0], "thresholds": [0.9566178917884827, 0.9694697260856628, 0.9818644523620605, 0.9823986887931824, 0.9918187856674194, 0.9928921461105347, 0.9959046244621277, 0.996367335319519, 0.9980237483978271, 0.9992135763168335, 0.9997482895851135, 0.9998043179512024, 0.9998317956924438, 0.9999861717224121]}, "6": {"precision": [0.6363636363636364, 0.6, 0.6666666666666666, 0.75, 0.8571428571428571, 1.0, 1.0, 1.0, 1.0, 1.0, 1.0, 1.0], "recall": [1.0, 0.8571428571428571, 0.8571428571428571, 0.8571428571428571, 0.8571428571428571, 0.8571428571428571, 0.7142857142857143, 0.5714285714285714, 0.42857142857142855, 0.2857142857142857, 0.14285714285714285, 0.0], "thresholds": [0.1480468064546585, 0.15203221142292023, 0.16511990129947662, 0.23117275536060333, 0.2417949140071869, 0.9771060943603516, 0.9822184443473816, 0.9823793768882751, 0.9898395538330078, 0.9968081116676331, 0.9986757636070251]}, "7": {"precision": [1.0, 1.0, 1.0, 1.0, 1.0, 1.0], "recall": [1.0, 0.8, 0.6, 0.4, 0.2, 0.0], "thresholds": [0.9491308331489563, 0.9691128730773926, 0.9725852608680725, 0.9913991689682007, 0.996440589427948]}, "0": {"precision": [1.0, 1.0, 1.0], "recall": [1.0, 0.5, 0.0], "thresholds": [0.9982870221138, 0.9983331561088562]},