{"Largest_scale_ritual_frequency_for_ritual_specialist": {"class_counts": [["yearly", 51], ["once per generation", 13], ["seasonally", 8], ["not applicable", 3], ["once in a lifetime", 2], ["monthly", 1]], "avg_precision": 0.9967948717948718, "avg_recall": 0.9871794871794872, "avg_f1": 0.991715210355987, "avg_accuracy": 0.9871794871794872, "weighted_precision": 0.9874260355029586, "weighted_recall": 0.9871794871794872, "weighted_f1": 0.9869853124222056, "weighted_accuracy": 0.9871794871794872, "class_precision": [0.9807692307692307, 1.0, 1.0, 1.0, 1.0, 1.0], "class_recall": [1.0, 0.9230769230769231, 1.0, 1.0, 1.0, 1.0], "class_f1": [0.9902912621359222, 0.9600000000000001, 1.0, 1.0, 1.0, 1.0], "class_accuracy": 0.9871794871794872, "num_classes": 6, "num_applicable_rows": 78, "confusion_matrix": [["yearly", [["yearly", 51]]], ["once per generation", [["once per generation", 12], ["yearly", 1]]], ["seasonally", [["seasonally", 8]]], ["not applicable", [["not applicable", 3]]], ["once in a lifetime", [["once in a lifetime", 2]]], ["monthly", [["monthly", 1]]]], "precision_recall_curves": {"yearly": {"precision": [1.0, 1.0, 1.0, 1.0, 1.0], "recall": [1.0, 0.9803921568627451, 0.9607843137254902, 0.9411764705882353, 0.0], "thresholds": [0.9471100568771362, 0.9999996423721313, 0.9999997615814209, 1.0]}, "once per generation": {"precision": [1.0, 1.0, 1.0, 1.0], "recall": [1.0, 0.9230769230769231, 0.8461538461538461, 0.0], "thresholds": [0.14432981610298157, 0.980067789554596, 1.0]}, "seasonally": {"precision": [1.0, 1.0, 1.0, 1.0], "recall": [1.0, 0.875, 0.75, 0.0], "thresholds": [0.9999992847442627, 0.9999995231628418, 1.0]}, "not applicable": {"precision": [1.0, 1.0, 1.0], "recall": [1.0, 0.6666666666666666, 0.0], "thresholds": [0.9999920129776001, 1.0]}, "once in a lifetime": {"precision": [1.0, 1.0], "recall": [1.0, 0.0], "thresholds": [1.0]}, "monthly": {"precision": [1.0, 1.0], "recall": [1.0, 0.0], "thresholds": [1.0]}}}}