{"Degree_of_centralization": {"class_counts": [["quasipolity", 67], ["unitary state", 46], ["confederated state", 18], ["loose", 11], ["nominal", 6], ["quasi-polity", 2], ["none", 2], ["unitary", 1]], "avg_precision": 0.9830555555555556, "avg_recall": 0.9760949042665461, "avg_f1": 0.9790322458499939, "avg_accuracy": 0.9673202614379085, "weighted_precision": 0.9694117647058823, "weighted_recall": 0.9673202614379085, "weighted_f1": 0.9674847886567689, "weighted_accuracy": 0.9673202614379085, "class_precision": [1.0, 0.92, 0.9444444444444444, 1.0, 1.0, 1.0, 1.0, 1.0], "class_recall": [0.9552238805970149, 1.0, 0.9444444444444444, 0.9090909090909091, 1.0, 1.0, 1.0, 1.0], "class_f1": [0.9770992366412213, 0.9583333333333334, 0.9444444444444444, 0.9523809523809523, 1.0, 1.0, 1.0, 1.0], "class_accuracy": 0.9673202614379085, "num_classes": 8, "num_applicable_rows": 153, "confusion_matrix": [["quasipolity", [["quasipolity", 64], ["unitary state", 2], ["confederated state", 1]]], ["unitary state", [["unitary state", 46]]], ["confederated state", [["confederated state", 17], ["unitary state", 1]]], ["loose", [["loose", 10], ["unitary state", 1]]], ["nominal", [["nominal", 6]]], ["quasi-polity", [["quasi-polity", 2]]], ["none", [["none", 2]]], ["unitary", [["unitary", 1]]]], "precision_recall_curves": {"quasipolity": {"precision": [1.0, 1.0, 1.0, 1.0, 1.0, 1.0, 1.0, 1.0, 1.0, 1.0, 1.0, 1.0, 1.0, 1.0, 1.0, 1.0, 1.0, 1.0, 1.0, 1.0, 1.0, 1.0, 1.0, 1.0, 1.0, 1.0, 1.0, 1.0, 1.0, 1.0, 1.0, 1.0, 1.0, 1.0, 1.0, 1.0, 1.0, 1.0, 1.0, 1.0, 1.0, 1.0, 1.0, 1.0, 1.0, 1.0, 1.0, 1.0, 1.0, 1.0, 1.0, 1.0, 1.0, 1.0, 1.0, 1.0, 1.0, 1.0, 1.0, 1.0, 1.0, 1.0, 1.0, 1.0, 1.0, 1.0, 1.0, 1.0], "recall": [1.0, 0.9850746268656716, 0.9701492537313433, 0.9552238805970149, 0.9402985074626866, 0.9253731343283582, 0.9104477611940298, 0.8955223880597015, 0.8805970149253731, 0.8656716417910447, 0.8507462686567164, 0.835820895522388, 0.8208955223880597, 0.8059701492537313, 0.7910447761194029, 0.7761194029850746, 0.7611940298507462, 0.746268656716418, 0.7313432835820896, 0.7164179104477612, 0.7014925373134329, 0.6865671641791045, 0.6716417910447762, 0.6567164179104478, 0.6417910447761194, 0.6268656716417911, 0.6119402985074627, 0.5970149253731343, 0.582089552238806, 0.5671641791044776, 0.5522388059701493, 0.5373134328358209, 0.5223880597014925, 0.5074626865671642, 0.4925373134328358, 0.47761194029850745, 0.4626865671641791, 0.44776119402985076, 0.43283582089552236, 0.417910447761194, 0.40298507462686567, 0.3880597014925373, 0.373134328358209, 0.3582089552238806, 0.34328358208955223, 0.3283582089552239, 0.31343283582089554, 0.29850746268656714, 0.2835820895522388, 0.26865671641791045, 0.2537313432835821, 0.23880597014925373, 0.22388059701492538, 0.208955223880597, 0.19402985074626866, 0.1791044776119403, 0.16417910447761194, 0.14925373134328357, 0.13432835820895522, 0.11940298507462686, 0.1044776119402985, 0.08955223880597014, 0.07462686567164178, 0.05970149253731343, 0.04477611940298507, 0.029850746268656716, 0.014925373134328358, 0.0], "thresholds": [0.20625509321689606, 0.28256070613861084, 0.4170912206172943, 0.7831161022186279, 0.8121728897094727, 0.812739908695221, 0.8132945895195007, 0.8141181468963623, 0.8163933157920837, 0.9361431002616882, 0.9579252600669861, 0.9751901626586914, 0.9852963089942932, 0.9875993728637695, 0.9879913926124573, 0.9945032596588135, 0.995358407497406, 0.9972043633460999, 0.9972350001335144, 0.9972400665283203, 0.9972502589225769, 0.9972698092460632, 0.9974125027656555, 0.9976416826248169, 0.9978569149971008, 0.9981573224067688, 0.9981659054756165, 0.99850994348526, 0.9988178610801697, 0.9988603591918945, 0.9988724589347839, 0.99899822473526, 0.9991652965545654, 0.9991779923439026, 0.9992289543151855, 0.9994053840637207, 0.9994338154792786, 0.9994359612464905, 0.9994433522224426, 0.9994449019432068, 0.9994458556175232, 0.9994515776634216, 0.9994520545005798, 0.9994562268257141, 0.9995718598365784, 0.999626636505127, 0.9996347427368164, 0.9997636675834656, 0.9997645020484924, 0.9997686743736267, 0.9997807145118713, 0.9998840093612671, 0.9999089241027832, 0.9999110698699951, 0.9999145269393921, 0.9999200105667114, 0.9999246597290039, 0.9999362230300903, 0.9999368190765381, 0.9999402761459351, 0.9999600648880005, 0.999974250793457, 0.9999746084213257, 0.9999749660491943, 0.9999959468841553, 0.9999979734420776, 1.0]}, "unitary state": {"precision": [0.9787234042553191, 0.9782608695652174, 0.9777777777777777, 0.9772727272727273, 0.9767441860465116, 0.9761904761904762, 0.975609756097561, 1.0, 1.0, 1.0, 1.0, 1.0, 1.0, 1.0, 1.0, 1.0, 1.0, 1.0, 1.0, 1.0, 1.0, 1.0, 1.0, 1.0, 1.0, 1.0, 1.0, 1.0, 1.0, 1.0, 1.0, 1.0, 1.0, 1.0, 1.0, 1.0, 1.0, 1.0, 1.0, 1.0, 1.0, 1.0, 1.0, 1.0, 1.0, 1.0], "recall": [1.0, 0.9782608695652174, 0.9565217391304348, 0.9347826086956522, 0.9130434782608695, 0.8913043478260869, 0.8695652173913043, 0.8695652173913043, 0.8478260869565217, 0.8260869565217391, 0.8043478260869565, 0.782608695652174, 0.7608695652173914, 0.7391304347826086, 0.717391304347826, 0.6956521739130435, 0.6739130434782609, 0.6521739130434783, 0.6304347826086957, 0.6086956521739131, 0.5869565217391305, 0.5652173913043478, 0.5434782608695652, 0.5217391304347826, 0.5, 0.4782608695652174, 0.45652173913043476, 0.43478260869565216, 0.41304347826086957, 0.391304347826087, 0.3695652173913043, 0.34782608695652173, 0.32608695652173914, 0.30434782608695654, 0.2826086956521739, 0.2608695652173913, 0.21739130434782608, 0.1956521739130435, 0.17391304347826086, 0.15217391304347827, 0.13043478260869565, 0.10869565217391304, 0.06521739130434782, 0.043478260869565216, 0.021739130434782608, 0.0], "thresholds": [0.8256189227104187, 0.9176304936408997, 0.9481936693191528, 0.951107919216156, 0.963941216468811, 0.9778785705566406, 0.9786244034767151, 0.9869779944419861, 0.9890530705451965, 0.989095151424408, 0.989194393157959, 0.9901973009109497, 0.991886556148529, 0.9938461184501648, 0.9945875406265259, 0.9945889711380005, 0.9959498643875122, 0.9968371391296387, 0.9970847964286804, 0.997412383556366, 0.997811496257782, 0.9979203343391418, 0.9979870319366455, 0.9983526468276978, 0.9983640313148499, 0.9986691474914551, 0.9989848732948303, 0.9990460276603699, 0.9991925358772278, 0.9991969466209412, 0.9992340803146362, 0.9993789196014404, 0.9993929862976074, 0.9994134902954102, 0.9995971322059631, 0.9996669292449951, 0.9996868371963501, 0.9997707009315491, 0.9999358654022217, 0.9999771118164062, 0.9999790191650391, 0.9999839067459106, 0.9999967813491821, 0.9999996423721313, 0.9999997615814209]}, "confederated state": {"precision": [0.6206896551724138, 0.6071428571428571, 0.6296296296296297, 0.6538461538461539, 0.68, 0.7083333333333334, 0.7391304347826086, 0.7727272727272727, 0.8095238095238095, 0.85, 0.8947368421052632, 0.9444444444444444, 1.0, 1.0, 1.0, 1.0, 1.0, 1.0, 1.0, 1.0, 1.0, 1.0, 1.0, 1.0, 1.0, 1.0, 1.0, 1.0, 1.0], "recall": [1.0, 0.9444444444444444, 0.9444444444444444, 0.9444444444444444, 0.9444444444444444, 0.9444444444444444, 0.9444444444444444, 0.9444444444444444, 0.9444444444444444, 0.9444444444444444, 0.9444444444444444, 0.9444444444444444, 0.9444444444444444, 0.8888888888888888, 0.8333333333333334, 0.7777777777777778, 0.7222222222222222, 0.6666666666666666, 0.6111111111111112, 0.5555555555555556, 0.5, 0.4444444444444444, 0.3888888888888889, 0.3333333333333333, 0.2777777777777778, 0.2222222222222222, 0.1111111111111111, 0.05555555555555555, 0.0],