{"Degree_of_centralization": {"class_counts": [["quasipolity", 65], ["unitary state", 42], ["confederated state", 19], ["loose", 10], ["nominal", 6], ["none", 4], ["quasi-polity", 4], ["unitary", 1]], "avg_precision": 0.9676776960784313, "avg_recall": 0.8812849431270484, "avg_f1": 0.9108333631026804, "avg_accuracy": 0.9271523178807947, "weighted_precision": 0.9375973899493572, "weighted_recall": 0.9271523178807947, "weighted_f1": 0.9251853329147487, "weighted_accuracy": 0.9271523178807947, "class_precision": [1.0, 0.803921568627451, 0.9375, 1.0, 1.0, 1.0, 1.0, 1.0], "class_recall": [0.9846153846153847, 0.9761904761904762, 0.7894736842105263, 0.8, 0.5, 1.0, 1.0, 1.0], "class_f1": [0.9922480620155039, 0.8817204301075269, 0.8571428571428572, 0.888888888888889, 0.6666666666666666, 1.0, 1.0, 1.0], "class_accuracy": 0.9271523178807947, "num_classes": 8, "num_applicable_rows": 151, "confusion_matrix": [["quasipolity", [["quasipolity", 64], ["unitary state", 1]]], ["unitary state", [["unitary state", 41], ["confederated state", 1]]], ["confederated state", [["confederated state", 15], ["unitary state", 4]]], ["loose", [["loose", 8], ["unitary state", 2]]], ["nominal", [["nominal", 3], ["unitary state", 3]]], ["none", [["none", 4]]], ["quasi-polity", [["quasi-polity", 4]]], ["unitary", [["unitary", 1]]]], "precision_recall_curves": {"quasipolity": {"precision": [1.0, 1.0, 1.0, 1.0, 1.0, 1.0, 1.0, 1.0, 1.0, 1.0, 1.0, 1.0, 1.0, 1.0, 1.0, 1.0, 1.0, 1.0, 1.0, 1.0, 1.0, 1.0, 1.0, 1.0, 1.0, 1.0, 1.0, 1.0, 1.0, 1.0, 1.0, 1.0, 1.0, 1.0, 1.0, 1.0, 1.0, 1.0, 1.0, 1.0, 1.0, 1.0, 1.0, 1.0, 1.0, 1.0, 1.0, 1.0, 1.0, 1.0, 1.0, 1.0, 1.0, 1.0, 1.0, 1.0, 1.0, 1.0, 1.0, 1.0, 1.0, 1.0, 1.0, 1.0, 1.0, 1.0], "recall": [1.0, 0.9846153846153847, 0.9692307692307692, 0.9538461538461539, 0.9384615384615385, 0.9230769230769231, 0.9076923076923077, 0.8923076923076924, 0.8769230769230769, 0.8615384615384616, 0.8461538461538461, 0.8307692307692308, 0.8153846153846154, 0.8, 0.7846153846153846, 0.7692307692307693, 0.7538461538461538, 0.7384615384615385, 0.7230769230769231, 0.7076923076923077, 0.6923076923076923, 0.676923076923077, 0.6615384615384615, 0.6461538461538462, 0.6307692307692307, 0.6153846153846154, 0.6, 0.5846153846153846, 0.5692307692307692, 0.5538461538461539, 0.5384615384615384, 0.5230769230769231, 0.5076923076923077, 0.49230769230769234, 0.47692307692307695, 0.46153846153846156, 0.4461538461538462, 0.4307692307692308, 0.4153846153846154, 0.4, 0.38461538461538464, 0.36923076923076925, 0.35384615384615387, 0.3384615384615385, 0.3230769230769231, 0.3076923076923077, 0.2923076923076923, 0.27692307692307694, 0.26153846153846155, 0.24615384615384617, 0.23076923076923078, 0.2153846153846154, 0.2, 0.18461538461538463, 0.16923076923076924, 0.15384615384615385, 0.13846153846153847, 0.12307692307692308, 0.1076923076923077, 0.09230769230769231, 0.07692307692307693, 0.06153846153846154, 0.046153846153846156, 0.03076923076923077, 0.015384615384615385, 0.0], "thresholds": [0.1912411004304886, 0.6258360147476196, 0.7834221124649048, 0.7834720611572266, 0.7835264205932617, 0.7835431098937988, 0.7836567759513855, 0.7837169170379639, 0.940403163433075, 0.9634395241737366, 0.9690113067626953, 0.9905537962913513, 0.992449164390564, 0.9924593567848206, 0.9924798011779785, 0.9924995303153992, 0.9925179481506348, 0.9929617047309875, 0.9946793913841248, 0.9947887659072876, 0.9974058270454407, 0.9974068999290466, 0.9980829954147339, 0.998268723487854, 0.9988561868667603, 0.9989773035049438, 0.9989838004112244, 0.9991229176521301, 0.9991735816001892, 0.9993464350700378, 0.9993653893470764, 0.9993656277656555, 0.9995391368865967, 0.9995545744895935, 0.9996896982192993, 0.9996911287307739, 0.9996955394744873, 0.9996966123580933, 0.9996973276138306, 0.9997007846832275, 0.9997010827064514, 0.9997023940086365, 0.9997702240943909, 0.9997830986976624, 0.9998635053634644, 0.9998639822006226, 0.9998666048049927, 0.9998841285705566, 0.9998871088027954, 0.9998934268951416, 0.9999268054962158, 0.9999269247055054, 0.9999326467514038, 0.9999651908874512, 0.9999676942825317, 0.9999682903289795, 0.9999818801879883, 0.9999821186065674, 0.9999842643737793, 0.999991774559021, 0.9999938011169434, 0.9999953508377075, 0.9999963045120239, 0.9999985694885254, 0.9999995231628418]}, "unitary state": {"precision": [0.7368421052631579, 0.7321428571428571, 0.7454545454545455, 0.7592592592592593, 0.7735849056603774, 0.7884615384615384, 0.803921568627451, 0.82, 0.8367346938775511, 0.8541666666666666, 0.8723404255319149, 0.8913043478260869, 0.9111111111111111, 0.9318181818181818, 0.9302325581395349, 0.9523809523809523, 0.9512195121951219, 0.95, 0.9487179487179487, 0.9736842105263158, 0.972972972972973, 0.9722222222222222, 0.9714285714285714, 0.9705882352941176, 0.9696969696969697, 0.96875, 0.967741935483871, 0.9666666666666667, 0.9655172413793104, 0.9642857142857143, 0.9629629629629629, 0.9615384615384616, 0.96, 0.9583333333333334, 0.9565217391304348, 0.9545454545454546, 0.9523809523809523, 0.95, 0.9473684210526315, 0.9444444444444444, 1.0, 1.0, 1.0, 1.0, 1.0, 1.0, 1.0, 1.0, 1.0, 1.0, 1.0, 1.0, 1.0, 1.0, 1.0, 1.0, 1.0], "recall": [1.0, 0.9761904761904762, 0.9761904761904762, 0.9761904761904762, 0.9761904761904762, 0.9761904761904762, 0.9761904761904762, 0.9761904761904762, 0.9761904761904762, 0.9761904761904762, 0.9761904761904762, 0.9761904761904762, 0.9761904761904762, 0.9761904761904762, 0.9523809523809523, 0.9523809523809523, 0.9285714285714286, 0.9047619047619048, 0.8809523809523809, 0.8809523809523809, 0.8571428571428571, 0.8333333333333334, 0.8095238095238095, 0.7857142857142857, 0.7619047619047619, 0.7380952380952381, 0.7142857142857143, 0.6904761904761905, 0.6666666666666666, 0.6428571428571429, 0.6190476190476191, 0.5952380952380952, 0.5714285714285714, 0.5476190476190477, 0.5238095238095238, 0.5, 0.47619047619047616, 0.4523809523809524, 0.42857142857142855, 0.40476190476190477, 0.40476190476190477, 0.38095238095238093, 0.35714285714285715, 0.3333333333333333, 0.30952380952380953, 0.2857142857142857, 0.2619047619047619, 0.23809523809523808, 0.19047619047619047, 0.16666666666666666, 0.14285714285714285, 0.11904761904761904, 0.09523809523809523, 0.07142857142857142, 0.047619047619047616, 0.023809523809523808, 0.0], "thresholds": [0.27664080262184143, 0.29700368642807007, 0.3257821798324585, 0.3496783375740051, 0.39224109053611755, 0.41088050603866577, 0.4960651695728302, 0.5041759610176086, 0.5483028888702393, 0.5784434080123901, 0.6663954854011536, 0.7639027833938599, 0.8614286184310913, 0.8973789811134338, 0.9162803292274475, 0.9364973902702332, 0.9703884124755859, 0.9856075048446655, 0.9902939796447754, 0.9916404485702515, 0.9933793544769287, 0.9950850605964661, 0.9951285123825073, 0.9954341053962708, 0.9960280656814575, 0.9961079955101013, 0.9963929057121277, 0.9967252612113953, 0.9968609809875488, 0.9972243309020996, 0.997253954410553, 0.9973577857017517, 0.997912585735321, 0.9982401132583618, 0.9984539747238159, 0.9986957907676697, 0.9988186955451965, 0.9988969564437866, 0.9989123344421387, 0.9989718198776245, 0.9991517066955566, 0.9991853833198547, 0.9992656111717224, 0.9994186162948608, 0.9996106028556824, 0.99964439868927, 0.9996682405471802, 0.9996726512908936, 0.9997465014457703, 0.999843955039978, 0.9999186992645264, 0.9999591112136841, 0.999962568283081, 0.9999635219573975, 0.9999908208847046, 0.9999929666519165]},