{"Degree_of_centralization": {"class_counts": [["quasipolity", 65], ["unitary state", 42], ["confederated state", 19], ["loose", 10], ["nominal", 6], ["none", 4], ["quasi-polity", 4], ["unitary", 1]], "avg_precision": 0.997093023255814, "avg_recall": 0.993421052631579, "avg_f1": 0.9951510333863275, "avg_accuracy": 0.9933774834437086, "weighted_precision": 0.9935314954566455, "weighted_recall": 0.9933774834437086, "weighted_f1": 0.9933269459564745, "weighted_accuracy": 0.9933774834437086, "class_precision": [1.0, 0.9767441860465116, 1.0, 1.0, 1.0, 1.0, 1.0, 1.0], "class_recall": [1.0, 1.0, 0.9473684210526315, 1.0, 1.0, 1.0, 1.0, 1.0], "class_f1": [1.0, 0.988235294117647, 0.972972972972973, 1.0, 1.0, 1.0, 1.0, 1.0], "class_accuracy": 0.9933774834437086, "num_classes": 8, "num_applicable_rows": 151, "confusion_matrix": [["quasipolity", [["quasipolity", 65]]], ["unitary state", [["unitary state", 42]]], ["confederated state", [["confederated state", 18], ["unitary state", 1]]], ["loose", [["loose", 10]]], ["nominal", [["nominal", 6]]], ["none", [["none", 4]]], ["quasi-polity", [["quasi-polity", 4]]], ["unitary", [["unitary", 1]]]], "precision_recall_curves": {"quasipolity": {"precision": [1.0, 1.0, 1.0, 1.0, 1.0, 1.0, 1.0, 1.0, 1.0, 1.0, 1.0, 1.0, 1.0, 1.0, 1.0, 1.0, 1.0, 1.0, 1.0, 1.0, 1.0, 1.0, 1.0, 1.0, 1.0], "recall": [1.0, 0.9846153846153847, 0.9692307692307692, 0.9538461538461539, 0.9384615384615385, 0.9230769230769231, 0.9076923076923077, 0.8923076923076924, 0.8769230769230769, 0.8615384615384616, 0.8461538461538461, 0.8307692307692308, 0.8153846153846154, 0.8, 0.7846153846153846, 0.7538461538461538, 0.7384615384615385, 0.7230769230769231, 0.7076923076923077, 0.6923076923076923, 0.5692307692307692, 0.49230769230769234, 0.4461538461538462, 0.4153846153846154, 0.0], "thresholds": [0.949999988079071, 0.9500023126602173, 0.9500065445899963, 0.9500072002410889, 0.9500092267990112, 0.95001220703125, 0.9901168942451477, 0.9947475790977478, 0.9997996687889099, 0.9998360872268677, 0.999873161315918, 0.9999852180480957, 0.9999915361404419, 0.9999949932098389, 0.9999963045120239, 0.9999984502792358, 0.9999990463256836, 0.9999992847442627, 0.9999994039535522, 0.9999995231628418, 0.9999996423721313, 0.9999997615814209, 0.9999998807907104, 1.0]}, "unitary state": {"precision": [0.9767441860465116, 0.9761904761904762, 1.0, 1.0, 1.0, 1.0, 1.0, 1.0, 1.0, 1.0, 1.0, 1.0, 1.0, 1.0, 1.0, 1.0, 1.0, 1.0, 1.0, 1.0, 1.0, 1.0, 1.0, 1.0, 1.0, 1.0, 1.0, 1.0, 1.0, 1.0], "recall": [1.0, 0.9761904761904762, 0.9761904761904762, 0.9523809523809523, 0.9285714285714286, 0.9047619047619048, 0.8809523809523809, 0.8571428571428571, 0.8333333333333334, 0.8095238095238095, 0.7857142857142857, 0.7619047619047619, 0.7380952380952381, 0.7142857142857143, 0.6904761904761905, 0.6666666666666666, 0.6428571428571429, 0.6190476190476191, 0.5952380952380952, 0.5476190476190477, 0.5238095238095238, 0.5, 0.47619047619047616, 0.4523809523809524, 0.40476190476190477, 0.35714285714285715, 0.3333333333333333, 0.2857142857142857, 0.2619047619047619, 0.0], "thresholds": [0.9505822658538818, 0.9942996501922607, 0.9999140501022339, 0.9999197721481323, 0.9999322891235352, 0.999955415725708, 0.9999607801437378, 0.9999771118164062, 0.9999772310256958, 0.9999790191650391, 0.9999852180480957, 0.9999880790710449, 0.999988317489624, 0.9999884366989136, 0.9999899864196777, 0.9999904632568359, 0.9999915361404419, 0.999995231628418, 0.9999953508377075, 0.9999955892562866, 0.9999964237213135, 0.9999980926513672, 0.9999983310699463, 0.9999986886978149, 0.9999992847442627, 0.9999996423721313, 0.9999997615814209, 0.9999998807907104, 1.0]}, "confederated state": {"precision": [0.95, 0.9473684210526315, 1.0, 1.0, 1.0, 1.0, 1.0, 1.0, 1.0, 1.0, 1.0, 1.0, 1.0, 1.0, 1.0, 1.0, 1.0, 1.0, 1.0, 1.0], "recall": [1.0, 0.9473684210526315, 0.9473684210526315, 0.8947368421052632, 0.8421052631578947, 0.7894736842105263, 0.7368421052631579, 0.6842105263157895, 0.631578947368421, 0.5789473684210527, 0.5263157894736842, 0.47368421052631576, 0.42105263157894735, 0.3684210526315789, 0.3157894736842105, 0.2631578947368421, 0.15789473684210525, 0.10526315789473684, 0.05263157894736842, 0.0], "thresholds": [0.005566780921071768, 0.049197740852832794, 0.9994787573814392, 0.9996351003646851, 0.999643087387085, 0.9996781349182129, 0.9997404217720032, 0.9999649524688721, 0.9999717473983765, 0.9999822378158569, 0.9999854564666748, 0.9999860525131226, 0.9999942779541016, 0.9999947547912598, 0.9999963045120239, 0.9999967813491821, 0.999998927116394, 0.9999991655349731, 1.0]}, "loose": {"precision": [1.0, 1.0, 1.0, 1.0, 1.0, 1.0, 1.0, 1.0, 1.0, 1.0, 1.0], "recall": [1.0, 0.9, 0.8, 0.7, 0.6, 0.5, 0.4, 0.3, 0.2, 0.1, 0.0], "thresholds": [0.980480432510376, 0.9962833523750305, 0.9995231628417969, 0.9999184608459473, 0.9999719858169556, 0.9999748468399048, 0.999975323677063, 0.9999961853027344, 0.9999985694885254, 1.0]}, "nominal": {"precision": [1.0, 1.0, 1.0, 1.0, 1.0, 1.0, 1.0], "recall": [1.0, 0.8333333333333334, 0.6666666666666666, 0.5, 0.3333333333333333, 0.16666666666666666, 0.0], "thresholds": [0.9993865489959717, 0.9996399879455566, 0.9999517202377319, 0.9999667406082153, 0.9999896287918091, 0.9999974966049194]}, "quasi-polity": {"precision": [1.0, 1.0, 1.0, 1.0], "recall": [1.0, 0.75, 0.5, 0.0], "thresholds": [0.9999843835830688, 0.9999997615814209, 1.0]}, "none": {"precision": [1.0, 1.0, 1.0], "recall": [1.0, 0.75, 0.0], "thresholds": [0.9999972581863403, 1.0]}, "unitary": {"precision": [1.0, 1.0], "recall": [1.0, 0.0], "thresholds": [0.9987921118736267]}}}}