{"High_gods_(creator_gods)": {"class_counts": [["moralizing", 32], ["inactive", 12], ["active", 9], ["0", 8]], "avg_precision": 0.975, "avg_recall": 0.9791666666666666, "avg_f1": 0.9759725400457666, "avg_accuracy": 0.9836065573770492, "weighted_precision": 0.9852459016393443, "weighted_recall": 0.9836065573770492, "weighted_f1": 0.9836815845744082, "weighted_accuracy": 0.9836065573770492, "class_precision": [1.0, 1.0, 0.9, 1.0], "class_recall": [1.0, 0.9166666666666666, 1.0, 1.0], "class_f1": [1.0, 0.9565217391304348, 0.9473684210526316, 1.0], "class_accuracy": 0.9836065573770492, "num_classes": 4, "num_applicable_rows": 61, "confusion_matrix": [["moralizing", [["moralizing", 32]]], ["inactive", [["inactive", 11], ["active", 1]]], ["active", [["active", 9]]], ["0", [["0", 8]]]], "precision_recall_curves": {"moralizing": {"precision": [1.0, 1.0, 1.0], "recall": [1.0, 0.96875, 0.0], "thresholds": [0.97432941198349, 1.0]}, "inactive": {"precision": [1.0, 1.0, 1.0], "recall": [1.0, 0.9166666666666666, 0.0], "thresholds": [0.4108644723892212, 1.0]}, "0": {"precision": [1.0, 1.0], "recall": [1.0, 0.0], "thresholds": [1.0]}, "active": {"precision": [1.0, 1.0], "recall": [1.0, 0.0], "thresholds": [1.0]}}}}