{"High_gods_(creator_gods)": {"class_counts": [["moralizing", 33], ["inactive", 11], ["active", 10], ["0.0", 9]], "avg_precision": 0.975, "avg_recall": 0.9924242424242424, "avg_f1": 0.9829959514170041, "avg_accuracy": 0.9841269841269841, "weighted_precision": 0.9857142857142858, "weighted_recall": 0.9841269841269841, "weighted_f1": 0.9844225949489107, "weighted_accuracy": 0.9841269841269841, "class_precision": [1.0, 1.0, 1.0, 0.9], "class_recall": [0.9696969696969697, 1.0, 1.0, 1.0], "class_f1": [0.9846153846153847, 1.0, 1.0, 0.9473684210526316], "class_accuracy": 0.9841269841269841, "num_classes": 4, "num_applicable_rows": 63, "confusion_matrix": [["moralizing", [["moralizing", 32], ["0.0", 1]]], ["inactive", [["inactive", 11]]], ["active", [["active", 10]]], ["0.0", [["0.0", 9]]]], "precision_recall_curves": {"moralizing": {"precision": [1.0, 1.0, 1.0, 1.0, 1.0, 1.0, 1.0, 1.0, 1.0, 1.0, 1.0, 1.0, 1.0, 1.0, 1.0, 1.0, 1.0, 1.0, 1.0, 1.0, 1.0, 1.0, 1.0, 1.0, 1.0, 1.0, 1.0], "recall": [1.0, 0.9696969696969697, 0.9393939393939394, 0.9090909090909091, 0.8787878787878788, 0.8484848484848485, 0.8181818181818182, 0.7878787878787878, 0.7575757575757576, 0.7272727272727273, 0.696969696969697, 0.6666666666666666, 0.6363636363636364, 0.6060606060606061, 0.5757575757575758, 0.5454545454545454, 0.5151515151515151, 0.48484848484848486, 0.45454545454545453, 0.42424242424242425, 0.3939393939393939, 0.36363636363636365, 0.3333333333333333, 0.30303030303030304, 0.2727272727272727, 0.21212121212121213, 0.0], "thresholds": [0.13292263448238373, 0.9891941547393799, 0.9986469149589539, 0.9993371367454529, 0.9998618364334106, 0.9998677968978882, 0.9998836517333984, 0.9998958110809326, 0.9999006986618042, 0.9999027252197266, 0.9999116659164429, 0.9999375343322754, 0.9999526739120483, 0.9999767541885376, 0.9999884366989136, 0.9999892711639404, 0.999991774559021, 0.9999948740005493, 0.999995231628418, 0.9999954700469971, 0.9999982118606567, 0.999998927116394, 0.9999996423721313, 0.9999997615814209, 0.9999998807907104, 1.0]}, "inactive": {"precision": [1.0, 1.0, 1.0, 1.0, 1.0, 1.0, 1.0, 1.0, 1.0, 1.0, 1.0], "recall": [1.0, 0.8181818181818182, 0.7272727272727273, 0.6363636363636364, 0.5454545454545454, 0.45454545454545453, 0.36363636363636365, 0.2727272727272727, 0.18181818181818182, 0.09090909090909091, 0.0], "thresholds": [0.9952178001403809, 0.9977377653121948, 0.9977942705154419, 0.9988400340080261, 0.9989200830459595, 0.9992396831512451, 0.9995700716972351, 0.9997530579566956, 0.9998455047607422, 0.9999376535415649]}, "0.0": {"precision": [1.0, 1.0, 1.0, 1.0, 1.0, 1.0, 1.0, 1.0], "recall": [1.0, 0.8888888888888888, 0.7777777777777778, 0.6666666666666666, 0.5555555555555556, 0.4444444444444444, 0.2222222222222222, 0.0], "thresholds": [0.9991722106933594, 0.9993711113929749, 0.9999767541885376, 0.9999926090240479, 0.9999940395355225, 0.9999967813491821, 0.9999988079071045]}, "active": {"precision": [1.0, 1.0, 1.0, 1.0, 1.0, 1.0, 1.0, 1.0, 1.0, 1.0, 1.0], "recall": [1.0, 0.9, 0.8, 0.7, 0.6, 0.5, 0.4, 0.3, 0.2, 0.1, 0.0], "thresholds": [0.9982708692550659, 0.9985779523849487, 0.9994097948074341, 0.9999548196792603, 0.9999626874923706, 0.9999706745147705, 0.9999717473983765, 0.9999895095825195, 0.9999905824661255, 0.9999986886978149]}}}}