{"High_gods_(creator_gods)": {"class_counts": [["moralizing", 32], ["inactive", 12], ["active", 9], ["0", 8]], "avg_precision": 0.9722222222222222, "avg_recall": 0.9921875, "avg_f1": 0.9813258636788049, "avg_accuracy": 0.9836065573770492, "weighted_precision": 0.9854280510018215, "weighted_recall": 0.9836065573770492, "weighted_f1": 0.9839586107667111, "weighted_accuracy": 0.9836065573770492, "class_precision": [1.0, 1.0, 1.0, 0.8888888888888888], "class_recall": [0.96875, 1.0, 1.0, 1.0], "class_f1": [0.9841269841269841, 1.0, 1.0, 0.9411764705882353], "class_accuracy": 0.9836065573770492, "num_classes": 4, "num_applicable_rows": 61, "confusion_matrix": [["moralizing", [["moralizing", 31], ["0", 1]]], ["inactive", [["inactive", 12]]], ["active", [["active", 9]]], ["0", [["0", 8]]]], "precision_recall_curves": {"moralizing": {"precision": [1.0, 1.0, 1.0, 1.0], "recall": [1.0, 0.96875, 0.9375, 0.0], "thresholds": [0.2965942621231079, 0.9999958276748657, 1.0]}, "inactive": {"precision": [1.0, 1.0, 1.0], "recall": [1.0, 0.9166666666666666, 0.0], "thresholds": [0.9187704920768738, 1.0]}, "0": {"precision": [1.0, 1.0, 1.0], "recall": [1.0, 0.875, 0.0], "thresholds": [0.9999998807907104, 1.0]}, "active": {"precision": [1.0, 1.0], "recall": [1.0, 0.0], "thresholds": [1.0]}}}}