{"Relationship_to_preceding_(quasi)polity": {"class_counts": [["continuity", 79], ["elite migration", 10], ["cultural assimilation", 10], ["population migration", 5], ["continuation", 5], ["not applicable", 5], ["Continuity", 3], ["contination", 1], ["vassalage", 1], ["regime change", 1]], "avg_precision": 0.8967171717171717, "avg_recall": 0.8715765247410817, "avg_f1": 0.8829205661380438, "avg_accuracy": 0.9583333333333334, "weighted_precision": 0.9742824074074073, "weighted_recall": 0.9583333333333334, "weighted_f1": 0.9651614623561, "weighted_accuracy": 0.9583333333333334, "class_precision": [0.975, 0.8888888888888888, 1.0, 1.0, 1.0, 1.0, 1.0, 1.0, 1.0, 1.0], "class_recall": [0.9873417721518988, 0.8, 0.8, 1.0, 1.0, 1.0, 1.0, 1.0, 1.0, 1.0], "class_f1": [0.9811320754716981, 0.8421052631578948, 0.888888888888889, 1.0, 1.0, 1.0, 1.0, 1.0, 1.0, 1.0], "class_accuracy": 0.9583333333333334, "num_classes": 10, "num_applicable_rows": 120, "confusion_matrix": [["continuity", [["continuity", 78], ["feudal subordinates", 1]]], ["elite migration", [["elite migration", 8], ["feudal subordinates", 1], ["continuity", 1]]], ["cultural assimilation", [["cultural assimilation", 8], ["elite migration", 1], ["continuity", 1]]], ["population migration", [["population migration", 5]]], ["continuation", [["continuation", 5]]], ["not applicable", [["not applicable", 5]]], ["Continuity", [["Continuity", 3]]], ["contination", [["contination", 1]]], ["vassalage", [["vassalage", 1]]], ["regime change", [["regime change", 1]]]], "precision_recall_curves": {"continuity": {"precision": [0.9634146341463414, 0.9629629629629629, 0.975, 0.9746835443037974, 0.9743589743589743, 0.974025974025974, 0.9868421052631579, 0.9866666666666667, 0.9864864864864865, 0.9863013698630136, 0.9861111111111112, 0.9859154929577465, 0.9857142857142858, 0.9855072463768116, 0.9852941176470589, 0.9850746268656716, 0.9848484848484849, 0.9846153846153847, 0.984375, 0.9838709677419355, 0.9836065573770492, 0.9833333333333333, 0.9830508474576272, 0.9827586206896551, 0.9824561403508771, 0.9821428571428571, 1.0, 1.0, 1.0, 1.0, 1.0, 1.0, 1.0, 1.0, 1.0, 1.0, 1.0, 1.0, 1.0, 1.0, 1.0, 1.0, 1.0, 1.0, 1.0, 1.0, 1.0, 1.0, 1.0, 1.0, 1.0, 1.0, 1.0, 1.0, 1.0, 1.0, 1.0, 1.0, 1.0, 1.0, 1.0, 1.0, 1.0, 1.0, 1.0, 1.0, 1.0, 1.0, 1.0, 1.0, 1.0, 1.0, 1.0, 1.0, 1.0, 1.0], "recall": [1.0, 0.9873417721518988, 0.9873417721518988, 0.9746835443037974, 0.9620253164556962, 0.9493670886075949, 0.9493670886075949, 0.9367088607594937, 0.9240506329113924, 0.9113924050632911, 0.8987341772151899, 0.8860759493670886, 0.8734177215189873, 0.8607594936708861, 0.8481012658227848, 0.8354430379746836, 0.8227848101265823, 0.810126582278481, 0.7974683544303798, 0.7721518987341772, 0.759493670886076, 0.7468354430379747, 0.7341772151898734, 0.7215189873417721, 0.7088607594936709, 0.6962025316455697, 0.6962025316455697, 0.6835443037974683, 0.6582278481012658, 0.6329113924050633, 0.620253164556962, 0.6075949367088608, 0.5949367088607594, 0.5822784810126582, 0.569620253164557, 0.5569620253164557, 0.5443037974683544, 0.5316455696202531, 0.5189873417721519, 0.5063291139240507, 0.4936708860759494, 0.4810126582278481, 0.46835443037974683, 0.45569620253164556, 0.4430379746835443, 0.43037974683544306, 0.4177215189873418, 0.4050632911392405, 0.3924050632911392, 0.379746835443038, 0.3670886075949367, 0.35443037974683544, 0.34177215189873417, 0.3291139240506329, 0.31645569620253167, 0.3037974683544304, 0.2911392405063291, 0.27848101265822783, 0.26582278481012656, 0.25316455696202533, 0.24050632911392406, 0.22784810126582278, 0.20253164556962025, 0.189873417721519, 0.17721518987341772, 0.16455696202531644, 0.1518987341772152, 0.13924050632911392, 0.12658227848101267, 0.11392405063291139, 0.10126582278481013, 0.0759493670886076, 0.06329113924050633, 0.05063291139240506, 0.0379746835443038, 0.0], "thresholds": [0.20974580943584442, 0.327741801738739, 0.7043365836143494, 0.7084217667579651, 0.7366683483123779, 0.900012195110321, 0.9388847947120667, 0.9405645132064819, 0.9868999123573303, 0.9900026321411133, 0.9906461238861084, 0.9935963153839111, 0.9958289265632629, 0.9965415596961975, 0.9971575736999512, 0.9971596002578735, 0.9972997307777405, 0.9976999163627625, 0.9978072047233582, 0.9979838132858276, 0.998026430606842, 0.9980354905128479, 0.9980443716049194, 0.998072624206543, 0.9981794357299805, 0.998458743095398, 0.9987432360649109, 0.9989431500434875, 0.9989564418792725, 0.9990770816802979, 0.999157190322876, 0.9991880059242249, 0.9992110729217529, 0.9992545247077942, 0.9994157552719116, 0.9994314312934875, 0.99951171875, 0.9995189905166626, 0.9995279312133789, 0.9995347261428833, 0.9995371103286743, 0.9995610117912292, 0.9996044039726257, 0.9996172189712524, 0.9996699094772339, 0.9996732473373413, 0.9996746778488159, 0.9996747970581055, 0.9996756315231323, 0.9996761083602905, 0.9997208714485168, 0.9997217059135437, 0.9997394680976868, 0.9997527003288269, 0.9997684359550476, 0.9998321533203125, 0.9998539686203003, 0.9999195337295532, 0.999920129776001, 0.9999338388442993, 0.9999469518661499, 0.999947190284729, 0.9999474287033081, 0.9999479055404663, 0.9999481439590454, 0.9999580383300781, 0.9999749660491943, 0.9999762773513794, 0.9999814033508301, 0.9999818801879883, 0.9999822378158569, 0.9999853372573853, 0.9999953508377075, 0.9999992847442627, 1.0]}, "elite migration": {"precision": [0.7142857142857143, 0.6923076923076923, 0.75, 0.8181818181818182, 0.9, 0.8888888888888888, 1.0, 1.0, 1.0, 1.0, 1.0, 1.0, 1.0, 1.0, 1.0], "recall": [1.0, 0.9, 0.9, 0.9, 0.9, 0.8, 0.8, 0.7, 0.6, 0.5, 0.4, 0.3, 0.2, 0.1, 0.0], "thresholds": [0.09590677171945572, 0.19631579518318176, 0.28907978534698486, 0.29315802454948425, 0.32591429352760315, 0.5984565615653992, 0.8823815584182739, 0.9554792642593384, 0.9636756777763367, 0.9662521481513977, 0.9821792244911194, 0.9957630634307861, 0.9975730776786804, 0.9999481439590454]}, "population migration": {"precision": [1.0, 1.0, 1.0, 1.0, 1.0, 1.0], "recall": [1.0, 0.8, 0.6, 0.4, 0.2, 0.0], "thresholds": [0.9863067269325256, 0.9938099980354309, 0.9948398470878601, 0.9980097413063049, 0.9987228512763977]}, "cultural assimilation": {"precision": [0.5263157894736842, 0.5, 0.5294117647058824, 0.5625, 0.6, 0.6428571428571429, 0.6923076923076923, 0.75, 0.7272727272727273, 0.8, 0.8888888888888888, 1.0, 1.0, 1.0, 1.0, 1.0, 1.0, 1.0, 1.0, 1.0], "recall": [1.0, 0.9, 0.9, 0.9, 0.9, 0.9, 0.9, 0.9, 0.8, 0.8, 0.8, 0.8, 0.7, 0.6, 0.5, 0.4, 0.3, 0.2, 0.1, 0.0], "thresholds": [0.0014717086451128125, 0.002010772470384836, 0.0022783067543059587, 0.0028391657397150993, 0.004015935119241476, 0.012495093047618866, 0.01608550362288952, 0.03891098499298096, 0.043974846601486206, 0.04545845091342926, 0.07931022346019745, 0.9671174883842468, 0.977105975151062, 0.9836694598197937, 0.9858155250549316, 0.9994369149208069, 0.999445378780365, 0.9998082518577576, 0.9999750852584839]}, "not applicable": {"precision": [1.0, 1.0, 1.0, 1.0, 1.0, 1.0], "recall": [1.0, 0.8, 0.6, 0.4, 0.2, 0.0], "thresholds": [0.9828710556030273, 0.9828958511352539, 0.9829204678535461, 0.9829452633857727, 0.9829824566841125]}, "Continuity": {"precision": [1.0, 1.0, 1.0, 1.0], "recall": [1.0, 0.6666666666666666, 0.3333333333333333, 0.0], "thresholds": [0.9396271705627441, 0.9425340890884399, 0.9480871558189392]}, "continuation": {"precision": [1.0, 1.0, 1.0, 1.0, 1.0], "recall": [1.0, 0.8, 0.6, 0.2, 0.0], "thresholds": [0.9149335026741028, 0.9284247159957886, 0.9780182242393494, 0.9962133765220642]}, "contination": {"precision": [1.0, 1.0], "recall": [1.0, 0.0], "thresholds": [0.9910088181495667]}, "vassalage": {"precision": [1.0, 1.0], "recall": [1.0, 0.0], "thresholds": [0.9081389904022217]}, "regime change": {"precision": [1.0, 1.0], "recall": [1.0, 0.0], "thresholds": [0.9854293465614319]}}}}