{"Relationship_to_preceding_(quasi)polity": {"class_counts": [["continuity", 87], ["elite migration", 11], ["cultural assimilation", 9], ["continuation", 5], ["population migration", 5], ["Continuity", 1], ["contination", 1], ["not applicable", 1], ["regime change", 1], ["vassalage", 1]], "avg_precision": 0.9464285714285715, "avg_recall": 0.968408220132358, "avg_f1": 0.9545490592596998, "avg_accuracy": 0.9590163934426229, "weighted_precision": 0.9657494145199063, "weighted_recall": 0.9590163934426229, "weighted_f1": 0.9609370708783439, "weighted_accuracy": 0.9590163934426229, "class_precision": [1.0, 0.75, 1.0, 1.0, 0.7142857142857143, 1.0, 1.0, 1.0, 1.0, 1.0], "class_recall": [0.9770114942528736, 0.8181818181818182, 0.8888888888888888, 1.0, 1.0, 1.0, 1.0, 1.0, 1.0, 1.0], "class_f1": [0.9883720930232558, 0.7826086956521738, 0.9411764705882353, 1.0, 0.8333333333333333, 1.0, 1.0, 1.0, 1.0, 1.0], "class_accuracy": 0.9590163934426229, "num_classes": 10, "num_applicable_rows": 122, "confusion_matrix": [["continuity", [["continuity", 85], ["elite migration", 2]]], ["elite migration", [["elite migration", 9], ["population migration", 2]]], ["cultural assimilation", [["cultural assimilation", 8], ["elite migration", 1]]], ["continuation", [["continuation", 5]]], ["population migration", [["population migration", 5]]], ["Continuity", [["Continuity", 1]]], ["contination", [["contination", 1]]], ["not applicable", [["not applicable", 1]]], ["regime change", [["regime change", 1]]], ["vassalage", [["vassalage", 1]]]], "precision_recall_curves": {"continuity": {"precision": [0.9775280898876404, 0.9772727272727273, 0.9885057471264368, 1.0, 1.0, 1.0, 1.0, 1.0, 1.0, 1.0, 1.0, 1.0, 1.0, 1.0, 1.0, 1.0, 1.0, 1.0, 1.0, 1.0, 1.0, 1.0, 1.0, 1.0, 1.0, 1.0, 1.0, 1.0, 1.0, 1.0, 1.0, 1.0, 1.0, 1.0, 1.0, 1.0, 1.0, 1.0, 1.0, 1.0, 1.0, 1.0, 1.0, 1.0, 1.0, 1.0, 1.0, 1.0, 1.0, 1.0, 1.0, 1.0, 1.0, 1.0, 1.0, 1.0, 1.0, 1.0, 1.0, 1.0, 1.0, 1.0, 1.0, 1.0, 1.0, 1.0, 1.0, 1.0, 1.0, 1.0, 1.0, 1.0, 1.0, 1.0, 1.0, 1.0, 1.0, 1.0, 1.0, 1.0, 1.0, 1.0, 1.0, 1.0, 1.0, 1.0], "recall": [1.0, 0.9885057471264368, 0.9885057471264368, 0.9885057471264368, 0.9770114942528736, 0.9655172413793104, 0.9540229885057471, 0.9425287356321839, 0.9310344827586207, 0.9195402298850575, 0.9080459770114943, 0.896551724137931, 0.8850574712643678, 0.8735632183908046, 0.8620689655172413, 0.8505747126436781, 0.8390804597701149, 0.8275862068965517, 0.8160919540229885, 0.8045977011494253, 0.7931034482758621, 0.7816091954022989, 0.7701149425287356, 0.7586206896551724, 0.7471264367816092, 0.7241379310344828, 0.7126436781609196, 0.7011494252873564, 0.6781609195402298, 0.6551724137931034, 0.6436781609195402, 0.632183908045977, 0.6206896551724138, 0.6091954022988506, 0.5977011494252874, 0.5862068965517241, 0.5747126436781609, 0.5632183908045977, 0.5517241379310345, 0.5402298850574713, 0.5287356321839081, 0.5172413793103449, 0.5057471264367817, 0.4942528735632184, 0.4827586206896552, 0.47126436781609193, 0.45977011494252873, 0.4482758620689655, 0.4367816091954023, 0.42528735632183906, 0.41379310344827586, 0.40229885057471265, 0.39080459770114945, 0.3793103448275862, 0.367816091954023, 0.3563218390804598, 0.3448275862068966, 0.3333333333333333, 0.3218390804597701, 0.3103448275862069, 0.2988505747126437, 0.28735632183908044, 0.27586206896551724, 0.26436781609195403, 0.25287356321839083, 0.2413793103448276, 0.22988505747126436, 0.21839080459770116, 0.20689655172413793, 0.19540229885057472, 0.1839080459770115, 0.1724137931034483, 0.16091954022988506, 0.14942528735632185, 0.13793103448275862, 0.12643678160919541, 0.10344827586206896, 0.09195402298850575, 0.08045977011494253, 0.06896551724137931, 0.05747126436781609, 0.04597701149425287, 0.034482758620689655, 0.022988505747126436, 0.011494252873563218, 0.0], "thresholds": [0.2734481394290924, 0.30306652188301086, 0.4348386824131012, 0.46657663583755493, 0.5092370510101318, 0.5598600506782532, 0.5891447067260742, 0.5903518199920654, 0.7285401225090027, 0.9010863304138184, 0.9201191663742065, 0.9206884503364563, 0.9336429238319397, 0.9397191405296326, 0.9422621130943298, 0.9563705325126648, 0.9639546275138855, 0.9677488803863525, 0.9700455665588379, 0.9754921197891235, 0.9767540693283081, 0.9773871302604675, 0.9791106581687927, 0.9802842736244202, 0.9836344718933105, 0.9847175478935242, 0.9896665811538696, 0.9903890490531921, 0.9907546639442444, 0.9913908243179321, 0.9926789999008179, 0.9937446713447571, 0.9945365190505981, 0.9945999383926392, 0.9947022795677185, 0.9960792660713196, 0.9961913824081421, 0.9965728521347046, 0.9965758919715881, 0.9969058632850647, 0.9970335960388184, 0.9979530572891235, 0.9980175495147705, 0.9980645775794983, 0.9981173276901245, 0.9981339573860168, 0.9981876015663147, 0.998562753200531, 0.9987384676933289, 0.9987390637397766, 0.9989773035049438, 0.9989797472953796, 0.9989809393882751, 0.9990649819374084, 0.9990770816802979, 0.9990798234939575, 0.999091625213623, 0.9990918636322021, 0.9993434548377991, 0.9995723366737366, 0.9995751976966858, 0.9995760321617126, 0.99957674741745, 0.9995773434638977, 0.9996750354766846, 0.9997288584709167, 0.9997301697731018, 0.9997476935386658, 0.9997933506965637, 0.9997944235801697, 0.9997963309288025, 0.9998248219490051, 0.9998359680175781, 0.9998407363891602, 0.9998408555984497, 0.9998433589935303, 0.9998455047607422, 0.9998527765274048, 0.9999381303787231, 0.9999397993087769, 0.9999587535858154, 0.9999767541885376, 0.99998939037323, 0.9999918937683105, 0.9999940395355225]}, "elite migration": {"precision": [0.3333333333333333, 0.3125, 0.3225806451612903, 0.3333333333333333, 0.3448275862068966, 0.35714285714285715, 0.37037037037037035, 0.38461538461538464, 0.4, 0.4166666666666667, 0.43478260869565216, 0.45454545454545453, 0.42857142857142855, 0.45, 0.47368421052631576, 0.5, 0.5294117647058824, 0.5625, 0.6, 0.6428571428571429, 0.6923076923076923, 0.75, 0.8181818181818182, 0.9, 1.0, 1.0, 1.0, 1.0, 1.0, 1.0, 1.0, 1.0, 1.0, 1.0], "recall": [1.0, 0.9090909090909091, 0.9090909090909091, 0.9090909090909091, 0.9090909090909091, 0.9090909090909091, 0.9090909090909091, 0.9090909090909091, 0.9090909090909091, 0.9090909090909091, 0.9090909090909091, 0.9090909090909091, 0.8181818181818182, 0.8181818181818182, 0.8181818181818182, 0.8181818181818182, 0.8181818181818182, 0.8181818181818182, 0.8181818181818182, 0.8181818181818182, 0.8181818181818182, 0.8181818181818182, 0.8181818181818182, 0.8181818181818182, 0.8181818181818182, 0.7272727272727273, 0.6363636363636364, 0.5454545454545454, 0.45454545454545453, 0.36363636363636365, 0.2727272727272727, 0.18181818181818182, 0.09090909090909091, 0.0], "thresholds": [0.010811496526002884, 0.011447783559560776, 0.014320219866931438, 0.014941619709134102, 0.017227772623300552, 0.01925051584839821, 0.020527668297290802, 0.021088792011141777, 0.022946909070014954, 0.030707839876413345, 0.04313260316848755, 0.05258463695645332, 0.05270131304860115, 0.05630926415324211, 0.0566478930413723, 0.0581418052315712, 0.059196293354034424, 0.0836976021528244, 0.11153852939605713, 0.2485419362783432, 0.3445766866207123, 0.3826722502708435, 0.4870239198207855, 0.530163049697876, 0.5625556707382202, 0.6400059461593628, 0.9657469987869263, 0.9791983366012573, 0.9833259582519531, 0.9849063754081726, 0.9870181679725647, 0.9930084943771362, 0.9992097616195679]}, "population migration": {"precision": [0.8333333333333334, 0.8, 1.0, 1.0, 1.0, 1.0, 1.0], "recall": [1.0, 0.8, 0.8, 0.6, 0.4, 0.2, 0.0], "thresholds": [0.9762879610061646, 0.9852150678634644, 0.9925979375839233, 0.9927173852920532, 0.9943870306015015, 0.9985398054122925]}, "cultural assimilation": {"precision": [1.0, 1.0, 1.0, 1.0, 1.0, 1.0, 1.0, 1.0, 1.0, 1.0], "recall": [1.0, 0.8888888888888888, 0.7777777777777778, 0.6666666666666666, 0.5555555555555556, 0.4444444444444444, 0.3333333333333333, 0.2222222222222222, 0.1111111111111111, 0.0],