{"Relationship_to_preceding_(quasi)polity": {"class_counts": [["continuity", 79], ["elite migration", 10], ["cultural assimilation", 10], ["not applicable", 5], ["continuation", 5], ["population migration", 5], ["Continuity", 3], ["contination", 1], ["regime change", 1], ["vassalage", 1]], "avg_precision": 0.8776223776223776, "avg_recall": 0.8681242807825086, "avg_f1": 0.8692320109232484, "avg_accuracy": 0.9333333333333333, "weighted_precision": 0.9490384615384616, "weighted_recall": 0.9333333333333333, "weighted_f1": 0.9378257340044852, "weighted_accuracy": 0.9333333333333333, "class_precision": [0.9615384615384616, 0.6923076923076923, 1.0, 1.0, 1.0, 1.0, 1.0, 1.0, 1.0, 1.0], "class_recall": [0.9493670886075949, 0.9, 0.7, 1.0, 1.0, 1.0, 1.0, 1.0, 1.0, 1.0], "class_f1": [0.9554140127388535, 0.7826086956521738, 0.8235294117647058, 1.0, 1.0, 1.0, 1.0, 1.0, 1.0, 1.0], "class_accuracy": 0.9333333333333333, "num_classes": 10, "num_applicable_rows": 120, "confusion_matrix": [["continuity", [["continuity", 75], ["elite migration", 3], ["feudal subordinates", 1]]], ["elite migration", [["elite migration", 9], ["continuity", 1]]], ["cultural assimilation", [["cultural assimilation", 7], ["continuity", 2], ["elite migration", 1]]], ["not applicable", [["not applicable", 5]]], ["continuation", [["continuation", 5]]], ["population migration", [["population migration", 5]]], ["Continuity", [["Continuity", 3]]], ["contination", [["contination", 1]]], ["regime change", [["regime change", 1]]], ["vassalage", [["vassalage", 1]]]], "precision_recall_curves": {"continuity": {"precision": [0.8315789473684211, 0.8297872340425532, 0.8478260869565217, 0.8571428571428571, 0.8666666666666667, 0.8764044943820225, 0.8863636363636364, 0.896551724137931, 0.9069767441860465, 0.9176470588235294, 0.9285714285714286, 0.9397590361445783, 0.9390243902439024, 0.9382716049382716, 0.95, 0.9493670886075949, 0.9615384615384616, 0.961038961038961, 0.9605263157894737, 0.96, 0.9594594594594594, 0.958904109589041, 0.9722222222222222, 0.971830985915493, 0.9857142857142858, 0.9855072463768116, 0.9852941176470589, 0.9850746268656716, 0.9848484848484849, 0.9846153846153847, 0.984375, 0.9841269841269841, 0.9838709677419355, 0.9833333333333333, 0.9830508474576272, 0.9827586206896551, 0.9824561403508771, 0.9821428571428571, 0.9818181818181818, 0.9814814814814815, 0.9811320754716981, 0.9807692307692307, 0.9803921568627451, 0.98, 0.9795918367346939, 0.9777777777777777, 0.975609756097561, 1.0, 1.0, 1.0, 1.0, 1.0, 1.0], "recall": [1.0, 0.9873417721518988, 0.9873417721518988, 0.9873417721518988, 0.9873417721518988, 0.9873417721518988, 0.9873417721518988, 0.9873417721518988, 0.9873417721518988, 0.9873417721518988, 0.9873417721518988, 0.9873417721518988, 0.9746835443037974, 0.9620253164556962, 0.9620253164556962, 0.9493670886075949, 0.9493670886075949, 0.9367088607594937, 0.9240506329113924, 0.9113924050632911, 0.8987341772151899, 0.8860759493670886, 0.8860759493670886, 0.8734177215189873, 0.8734177215189873, 0.8607594936708861, 0.8481012658227848, 0.8354430379746836, 0.8227848101265823, 0.810126582278481, 0.7974683544303798, 0.7848101265822784, 0.7721518987341772, 0.7468354430379747, 0.7341772151898734, 0.7215189873417721, 0.7088607594936709, 0.6962025316455697, 0.6835443037974683, 0.6708860759493671, 0.6582278481012658, 0.6455696202531646, 0.6329113924050633, 0.620253164556962, 0.6075949367088608, 0.5569620253164557, 0.5063291139240507, 0.5063291139240507, 0.4936708860759494, 0.379746835443038, 0.35443037974683544, 0.3037974683544304, 0.0], "thresholds": [0.008262802846729755, 0.008813051506876945, 0.012700128369033337, 0.049958858639001846, 0.08092854917049408, 0.08107820153236389, 0.08122768998146057, 0.08137732744216919, 0.08160209655761719, 0.10374332219362259, 0.1389036476612091, 0.13907882571220398, 0.22880567610263824, 0.27343422174453735, 0.3475496470928192, 0.46684515476226807, 0.6924011707305908, 0.9506078958511353, 0.9511132836341858, 0.9529722929000854, 0.9930511713027954, 0.9937300682067871, 0.998555600643158, 0.9992489218711853, 0.9994538426399231, 0.9997768998146057, 0.9997949004173279, 0.9998013377189636, 0.9998747110366821, 0.9998965263366699, 0.9999065399169922, 0.9999476671218872, 0.9999772310256958, 0.9999881982803345, 0.9999889135360718, 0.9999920129776001, 0.9999923706054688, 0.9999936819076538, 0.999994158744812, 0.9999943971633911, 0.9999958276748657, 0.9999984502792358, 0.9999985694885254, 0.9999990463256836, 0.9999991655349731, 0.9999992847442627, 0.9999994039535522, 0.9999995231628418, 0.9999996423721313, 0.9999997615814209, 0.9999998807907104, 1.0]}, "elite migration": {"precision": [0.45454545454545453, 0.42857142857142855, 0.45, 0.47368421052631576, 0.5, 0.5294117647058824, 0.5625, 0.6, 0.6428571428571429, 0.6923076923076923, 0.75, 0.7272727272727273, 0.8, 0.8888888888888888, 1.0, 1.0, 1.0, 1.0, 1.0, 1.0, 1.0, 1.0, 1.0], "recall": [1.0, 0.9, 0.9, 0.9, 0.9, 0.9, 0.9, 0.9, 0.9, 0.9, 0.9, 0.8, 0.8, 0.8, 0.8, 0.7, 0.6, 0.5, 0.4, 0.3, 0.2, 0.1, 0.0], "thresholds": [0.0007503902888856828, 0.0013505148235708475, 0.001588643528521061, 0.006948880851268768, 0.04702656343579292, 0.04882720485329628, 0.04933284595608711, 0.30759677290916443, 0.39306584000587463, 0.6524050831794739, 0.6656414270401001, 0.6926787495613098, 0.7265270352363586, 0.7711515426635742, 0.9967828989028931, 0.9993268251419067, 0.9996300935745239, 0.9997990727424622, 0.9998526573181152, 0.9999645948410034, 0.999994158744812, 0.9999998807907104]}, "population migration": {"precision": [1.0, 1.0, 1.0, 1.0, 1.0, 1.0], "recall": [1.0, 0.8, 0.6, 0.4, 0.2, 0.0], "thresholds": [0.999334990978241, 0.999828577041626, 0.9999432563781738, 0.9999699592590332, 0.9999754428863525]}, "cultural assimilation": {"precision": [0.4166666666666667, 0.391304347826087, 0.4090909090909091, 0.42857142857142855, 0.45, 0.42105263157894735, 0.4444444444444444, 0.47058823529411764, 0.5, 0.5333333333333333, 0.5714285714285714, 0.6153846153846154, 0.6666666666666666, 0.7272727272727273, 0.8, 0.8888888888888888, 1.0, 1.0, 1.0, 1.0, 1.0, 1.0, 1.0, 1.0, 1.0], "recall": [1.0, 0.9, 0.9, 0.9, 0.9, 0.8, 0.8, 0.8, 0.8, 0.8, 0.8, 0.8, 0.8, 0.8, 0.8, 0.8, 0.8, 0.7, 0.6, 0.5, 0.4, 0.3, 0.2, 0.1, 0.0], "thresholds": [5.333038757271424e-07, 7.498375111936184e-07, 7.884687533987744e-07, 9.404382126376731e-07, 9.42268229664478e-07, 9.47163073306001e-07, 9.516836030343256e-07, 9.562337481838767e-07, 9.60814872996707e-07, 5.646438239637064e-06, 5.9016183513449505e-06, 6.573881819349481e-06, 5.206472269492224e-05, 5.212470205151476e-05, 9.607920947019011e-05, 0.00033628824166953564, 0.0062687331810593605, 0.9993207454681396, 0.9993494153022766, 0.9998082518577576, 0.9999101161956787, 0.9999133348464966, 0.9999722242355347, 0.9999983310699463]}, "not applicable": {"precision": [1.0, 1.0, 1.0, 1.0, 1.0, 1.0], "recall": [1.0, 0.8, 0.6, 0.4, 0.2, 0.0], "thresholds": [0.9182712435722351, 0.9184958338737488, 0.9186453223228455, 0.9187947511672974, 0.9189441204071045]}, "Continuity": {"precision": [1.0, 1.0, 1.0, 1.0], "recall": [1.0, 0.6666666666666666, 0.3333333333333333, 0.0], "thresholds": [0.896122395992279, 0.9950855374336243, 0.9983347058296204]}, "continuation": {"precision": [1.0, 1.0, 1.0, 1.0, 1.0], "recall": [1.0, 0.8, 0.6, 0.2, 0.0], "thresholds": [0.9500390291213989, 0.9855170845985413, 0.9911804795265198, 0.9998970031738281]}, "contination": {"precision": [1.0, 1.0], "recall": [1.0, 0.0], "thresholds": [0.9997994303703308]}, "vassalage": {"precision": [1.0, 1.0], "recall": [1.0, 0.0], "thresholds": [0.5329326391220093]}, "regime change": {"precision": [1.0, 1.0], "recall": [1.0, 0.0], "thresholds": [0.9999828338623047]}}}}