{"Largest_scale_collective_ritual_of_the_official_cult_frequency_for_the_audience": {"class_counts": [["not applicable", 39], ["yearly", 26], ["once in a lifetime", 5], ["daily", 4], ["seasonally", 3], ["once per generation", 2]], "avg_precision": 0.9958333333333332, "avg_recall": 0.9935897435897436, "avg_f1": 0.9946223215024407, "avg_accuracy": 0.9873417721518988, "weighted_precision": 0.9876582278481013, "weighted_recall": 0.9873417721518988, "weighted_f1": 0.9872977872450053, "weighted_accuracy": 0.9873417721518988, "class_precision": [0.975, 1.0, 1.0, 1.0, 1.0, 1.0], "class_recall": [1.0, 0.9615384615384616, 1.0, 1.0, 1.0, 1.0], "class_f1": [0.9873417721518987, 0.9803921568627451, 1.0, 1.0, 1.0, 1.0], "class_accuracy": 0.9873417721518988, "num_classes": 6, "num_applicable_rows": 79, "confusion_matrix": [["not applicable", [["not applicable", 39]]], ["yearly", [["yearly", 25], ["not applicable", 1]]], ["once in a lifetime", [["once in a lifetime", 5]]], ["daily", [["daily", 4]]], ["seasonally", [["seasonally", 3]]], ["once per generation", [["once per generation", 2]]]], "precision_recall_curves": {"not applicable": {"precision": [0.975, 0.9743589743589743, 0.9736842105263158, 1.0, 1.0, 1.0, 1.0, 1.0, 1.0, 1.0, 1.0, 1.0, 1.0, 1.0, 1.0, 1.0, 1.0, 1.0, 1.0, 1.0, 1.0, 1.0, 1.0, 1.0, 1.0, 1.0, 1.0, 1.0, 1.0, 1.0, 1.0, 1.0, 1.0, 1.0, 1.0, 1.0], "recall": [1.0, 0.9743589743589743, 0.9487179487179487, 0.9487179487179487, 0.9230769230769231, 0.8974358974358975, 0.8717948717948718, 0.8461538461538461, 0.8205128205128205, 0.7948717948717948, 0.7692307692307693, 0.7435897435897436, 0.717948717948718, 0.6666666666666666, 0.6153846153846154, 0.5897435897435898, 0.5384615384615384, 0.5128205128205128, 0.48717948717948717, 0.46153846153846156, 0.41025641025641024, 0.38461538461538464, 0.358974358974359, 0.3333333333333333, 0.3076923076923077, 0.2564102564102564, 0.23076923076923078, 0.20512820512820512, 0.1794871794871795, 0.15384615384615385, 0.1282051282051282, 0.10256410256410256, 0.07692307692307693, 0.05128205128205128, 0.02564102564102564, 0.0], "thresholds": [0.938809871673584, 0.9500054717063904, 0.9541141390800476, 0.970066249370575, 0.9793264865875244, 0.9951747059822083, 0.9967432618141174, 0.9969237446784973, 0.9988879561424255, 0.9989256262779236, 0.9995352029800415, 0.9996944665908813, 0.9997065663337708, 0.9997709393501282, 0.9998093247413635, 0.9999176263809204, 0.9999308586120605, 0.9999518394470215, 0.9999523162841797, 0.9999524354934692, 0.9999525547027588, 0.9999526739120483, 0.9999597072601318, 0.9999659061431885, 0.9999661445617676, 0.9999715089797974, 0.9999737739562988, 0.9999774694442749, 0.9999785423278809, 0.9999810457229614, 0.9999814033508301, 0.9999816417694092, 0.9999818801879883, 0.9999828338623047, 0.9999963045120239]}, "yearly": {"precision": [0.9629629629629629, 0.9615384615384616, 1.0, 1.0, 1.0, 1.0, 1.0, 1.0, 1.0, 1.0, 1.0, 1.0, 1.0, 1.0, 1.0, 1.0, 1.0, 1.0, 1.0, 1.0, 1.0, 1.0, 1.0, 1.0, 1.0, 1.0, 1.0, 1.0], "recall": [1.0, 0.9615384615384616, 0.9615384615384616, 0.9230769230769231, 0.8846153846153846, 0.8461538461538461, 0.8076923076923077, 0.7692307692307693, 0.7307692307692307, 0.6923076923076923, 0.6538461538461539, 0.6153846153846154, 0.5769230769230769, 0.5384615384615384, 0.5, 0.46153846153846156, 0.4230769230769231, 0.38461538461538464, 0.34615384615384615, 0.3076923076923077, 0.2692307692307692, 0.23076923076923078, 0.19230769230769232, 0.15384615384615385, 0.11538461538461539, 0.07692307692307693, 0.038461538461538464, 0.0], "thresholds": [0.04574448615312576, 0.05558060482144356, 0.9752957224845886, 0.9821869134902954, 0.990295946598053, 0.9937576055526733, 0.9939907789230347, 0.9940471649169922, 0.9950672388076782, 0.9962993264198303, 0.9963309168815613, 0.9968819618225098, 0.9968860745429993, 0.9975305199623108, 0.9975760579109192, 0.9976069927215576, 0.9992724061012268, 0.9993177652359009, 0.9996346235275269, 0.9996383190155029, 0.999638557434082, 0.9996881484985352, 0.9998089671134949, 0.9998090863227844, 0.9998509883880615, 0.9999803304672241, 0.9999979734420776]}, "once per generation": {"precision": [1.0, 1.0, 1.0], "recall": [1.0, 0.5, 0.0], "thresholds": [0.9989808201789856, 0.9989816546440125]}, "daily": {"precision": [1.0, 1.0, 1.0, 1.0, 1.0], "recall": [1.0, 0.75, 0.5, 0.25, 0.0], "thresholds": [0.9820408821105957, 0.9903319478034973, 0.9953552484512329, 0.9970358610153198]}, "seasonally": {"precision": [1.0, 1.0, 1.0, 1.0], "recall": [1.0, 0.6666666666666666, 0.3333333333333333, 0.0], "thresholds": [0.8348164558410645, 0.9541715979576111, 0.9707762002944946]}, "once in a lifetime": {"precision": [1.0, 1.0, 1.0, 1.0, 1.0, 1.0], "recall": [1.0, 0.8, 0.6, 0.4, 0.2, 0.0], "thresholds": [0.9591456055641174, 0.9850869178771973, 0.9864258766174316, 0.993878185749054, 0.9986997842788696]}}}}