{"Store_of_wealth": {"class_counts": [["1.0", 72], ["0.0", 17], ["0.1", 16]], "avg_precision": 1.0, "avg_recall": 1.0, "avg_f1": 1.0, "avg_accuracy": 1.0, "weighted_precision": 1.0, "weighted_recall": 1.0, "weighted_f1": 1.0, "weighted_accuracy": 1.0, "class_precision": [1.0, 1.0, 1.0], "class_recall": [1.0, 1.0, 1.0], "class_f1": [1.0, 1.0, 1.0], "class_accuracy": 1.0, "num_classes": 3, "num_applicable_rows": 105, "confusion_matrix": [["1.0", [["1.0", 72]]], ["0.0", [["0.0", 17]]], ["0.1", [["0.1", 16]]]], "precision_recall_curves": {"1.0": {"precision": [1.0, 1.0, 1.0, 1.0, 1.0], "recall": [1.0, 0.9861111111111112, 0.9722222222222222, 0.9583333333333334, 0.0], "thresholds": [0.9999996423721313, 0.9999997615814209, 0.9999998807907104, 1.0]}, "0.1": {"precision": [1.0, 1.0], "recall": [1.0, 0.0], "thresholds": [1.0]}, "0.0": {"precision": [1.0, 1.0, 1.0], "recall": [1.0, 0.9411764705882353, 0.0], "thresholds": [0.9999998807907104, 1.0]}}}}