{"Most_dysphoric_ritual_frequency_for_audience": {"class_counts": [["not applicable", 30], ["yearly", 17], ["seasonally", 3], ["once per generation", 3]], "avg_precision": 0.9861111111111112, "avg_recall": 0.9916666666666667, "avg_f1": 0.9886198547215497, "avg_accuracy": 0.9811320754716981, "weighted_precision": 0.9821802935010483, "weighted_recall": 0.9811320754716981, "weighted_f1": 0.9812417195851798, "weighted_accuracy": 0.9811320754716981, "class_precision": [1.0, 0.9444444444444444, 1.0, 1.0], "class_recall": [0.9666666666666667, 1.0, 1.0, 1.0], "class_f1": [0.983050847457627, 0.9714285714285714, 1.0, 1.0], "class_accuracy": 0.9811320754716981, "num_classes": 4, "num_applicable_rows": 53, "confusion_matrix": [["not applicable", [["not applicable", 29], ["yearly", 1]]], ["yearly", [["yearly", 17]]], ["seasonally", [["seasonally", 3]]], ["once per generation", [["once per generation", 3]]]], "precision_recall_curves": {"not applicable": {"precision": [1.0, 1.0, 1.0, 1.0, 1.0, 1.0, 1.0, 1.0, 1.0, 1.0, 1.0, 1.0, 1.0, 1.0, 1.0, 1.0, 1.0, 1.0, 1.0, 1.0, 1.0, 1.0, 1.0, 1.0, 1.0, 1.0, 1.0, 1.0], "recall": [1.0, 0.9666666666666667, 0.9333333333333333, 0.9, 0.8666666666666667, 0.8333333333333334, 0.8, 0.7666666666666667, 0.7333333333333333, 0.7, 0.6666666666666666, 0.6333333333333333, 0.6, 0.5666666666666667, 0.5333333333333333, 0.5, 0.4666666666666667, 0.43333333333333335, 0.4, 0.36666666666666664, 0.3333333333333333, 0.3, 0.26666666666666666, 0.23333333333333334, 0.2, 0.16666666666666666, 0.06666666666666667, 0.0], "thresholds": [0.04996417835354805, 0.990812361240387, 0.9926192164421082, 0.9928033947944641, 0.9951906204223633, 0.9978341460227966, 0.998214602470398, 0.9989909529685974, 0.9991362690925598, 0.9991986155509949, 0.9994736313819885, 0.9994839429855347, 0.9998794794082642, 0.9999575614929199, 0.9999589920043945, 0.9999635219573975, 0.9999719858169556, 0.9999874830245972, 0.9999890327453613, 0.9999912977218628, 0.9999961853027344, 0.9999964237213135, 0.999997615814209, 0.9999988079071045, 0.9999991655349731, 0.9999998807907104, 1.0]}, "yearly": {"precision": [1.0, 1.0, 1.0, 1.0, 1.0, 1.0, 1.0, 1.0, 1.0, 1.0, 1.0, 1.0, 1.0, 1.0, 1.0], "recall": [1.0, 0.9411764705882353, 0.8823529411764706, 0.8235294117647058, 0.7647058823529411, 0.7058823529411765, 0.6470588235294118, 0.5882352941176471, 0.5294117647058824, 0.47058823529411764, 0.4117647058823529, 0.35294117647058826, 0.29411764705882354, 0.23529411764705882, 0.0], "thresholds": [0.9962614178657532, 0.9972677230834961, 0.9996261596679688, 0.9996780157089233, 0.999748170375824, 0.9998800754547119, 0.9999141693115234, 0.999980092048645, 0.999983549118042, 0.9999984502792358, 0.9999986886978149, 0.9999996423721313, 0.9999998807907104, 1.0]}, "once per generation": {"precision": [1.0, 1.0, 1.0, 1.0], "recall": [1.0, 0.6666666666666666, 0.3333333333333333, 0.0], "thresholds": [0.9998123049736023, 0.9999972581863403, 0.9999985694885254]}, "seasonally": {"precision": [1.0, 1.0, 1.0, 1.0], "recall": [1.0, 0.6666666666666666, 0.3333333333333333, 0.0], "thresholds": [0.9970596432685852, 0.9996622800827026, 0.9999001026153564]}}}}