{"Most_dysphoric_ritual_frequency_for_audience": {"class_counts": [["not applicable", 24], ["yearly", 22], ["once per generation", 4], ["seasonally", 3], ["monthly", 2]], "avg_precision": 0.992, "avg_recall": 0.990909090909091, "avg_f1": 0.9912672045562412, "avg_accuracy": 0.9818181818181818, "weighted_precision": 0.9825454545454545, "weighted_recall": 0.9818181818181818, "weighted_f1": 0.9817922940846529, "weighted_accuracy": 0.9818181818181818, "class_precision": [0.96, 1.0, 1.0, 1.0, 1.0], "class_recall": [1.0, 0.9545454545454546, 1.0, 1.0, 1.0], "class_f1": [0.9795918367346939, 0.9767441860465117, 1.0, 1.0, 1.0], "class_accuracy": 0.9818181818181818, "num_classes": 5, "num_applicable_rows": 55, "confusion_matrix": [["not applicable", [["not applicable", 24]]], ["yearly", [["yearly", 21], ["not applicable", 1]]], ["once per generation", [["once per generation", 4]]], ["seasonally", [["seasonally", 3]]], ["monthly", [["monthly", 2]]]], "precision_recall_curves": {"not applicable": {"precision": [0.96, 0.9565217391304348, 1.0, 1.0, 1.0], "recall": [1.0, 0.9166666666666666, 0.9166666666666666, 0.875, 0.0], "thresholds": [0.988962709903717, 0.9988692402839661, 0.9999570846557617, 1.0]}, "yearly": {"precision": [0.9166666666666666, 0.9130434782608695, 1.0, 1.0, 1.0, 1.0, 1.0, 1.0, 1.0, 1.0], "recall": [1.0, 0.9545454545454546, 0.9545454545454546, 0.9090909090909091, 0.8636363636363636, 0.7727272727272727, 0.7272727272727273, 0.6818181818181818, 0.5454545454545454, 0.0], "thresholds": [0.001130784279666841, 0.011037326417863369, 0.9500089883804321, 0.9998912811279297, 0.9999887943267822, 0.9999922513961792, 0.9999980926513672, 0.9999998807907104, 1.0]}, "once per generation": {"precision": [1.0, 1.0], "recall": [1.0, 0.0], "thresholds": [1.0]}, "monthly": {"precision": [1.0, 1.0], "recall": [1.0, 0.0], "thresholds": [1.0]}, "seasonally": {"precision": [1.0, 1.0, 1.0], "recall": [1.0, 0.6666666666666666, 0.0], "thresholds": [0.9999977350234985, 1.0]}}}}