{"Most_dysphoric_ritual_frequency_per_participant": {"class_counts": [["yearly", 19], ["once in a lifetime", 17], ["once per generation", 7], ["seasonally", 4], ["monthly", 1]], "avg_precision": 0.9777089783281735, "avg_recall": 0.9777089783281735, "avg_f1": 0.9777089783281735, "avg_accuracy": 0.9583333333333334, "weighted_precision": 0.9583333333333334, "weighted_recall": 0.9583333333333334, "weighted_f1": 0.9583333333333334, "weighted_accuracy": 0.9583333333333334, "class_precision": [0.9473684210526315, 0.9411764705882353, 1.0, 1.0, 1.0], "class_recall": [0.9473684210526315, 0.9411764705882353, 1.0, 1.0, 1.0], "class_f1": [0.9473684210526315, 0.9411764705882353, 1.0, 1.0, 1.0], "class_accuracy": 0.9583333333333334, "num_classes": 5, "num_applicable_rows": 48, "confusion_matrix": [["yearly", [["yearly", 18], ["once in a lifetime", 1]]], ["once in a lifetime", [["once in a lifetime", 16], ["yearly", 1]]], ["once per generation", [["once per generation", 7]]], ["seasonally", [["seasonally", 4]]], ["monthly", [["monthly", 1]]]], "precision_recall_curves": {"once in a lifetime": {"precision": [0.9444444444444444, 0.9411764705882353, 1.0, 1.0, 1.0, 1.0, 1.0, 1.0, 1.0, 1.0, 1.0, 1.0, 1.0, 1.0, 1.0, 1.0, 1.0, 1.0], "recall": [1.0, 0.9411764705882353, 0.9411764705882353, 0.8823529411764706, 0.8235294117647058, 0.7647058823529411, 0.7058823529411765, 0.6470588235294118, 0.5882352941176471, 0.5294117647058824, 0.47058823529411764, 0.4117647058823529, 0.35294117647058826, 0.29411764705882354, 0.23529411764705882, 0.11764705882352941, 0.058823529411764705, 0.0], "thresholds": [0.22435633838176727, 0.8380943536758423, 0.9636350870132446, 0.9888201355934143, 0.9898355603218079, 0.9939056038856506, 0.9962122440338135, 0.9962484240531921, 0.9995482563972473, 0.999680757522583, 0.9999030828475952, 0.9999886751174927, 0.9999905824661255, 0.9999953508377075, 0.9999988079071045, 0.9999991655349731, 0.9999998807907104]}, "yearly": {"precision": [0.95, 0.9473684210526315, 1.0, 1.0, 1.0, 1.0, 1.0, 1.0, 1.0, 1.0, 1.0, 1.0, 1.0, 1.0, 1.0, 1.0], "recall": [1.0, 0.9473684210526315, 0.9473684210526315, 0.8947368421052632, 0.8421052631578947, 0.7894736842105263, 0.7368421052631579, 0.631578947368421, 0.5789473684210527, 0.5263157894736842, 0.47368421052631576, 0.42105263157894735, 0.2631578947368421, 0.21052631578947367, 0.15789473684210525, 0.0], "thresholds": [0.16182756423950195, 0.7755792140960693, 0.999422550201416, 0.9994331002235413, 0.999895453453064, 0.9999308586120605, 0.9999366998672485, 0.9999369382858276, 0.9999430179595947, 0.9999513626098633, 0.9999969005584717, 0.9999973773956299, 0.9999988079071045, 0.9999996423721313, 1.0]}, "seasonally": {"precision": [1.0, 1.0, 1.0, 1.0, 1.0], "recall": [1.0, 0.75, 0.5, 0.25, 0.0], "thresholds": [0.9995318651199341, 0.999812662601471, 0.9999834299087524, 0.999983549118042]}, "once per generation": {"precision": [1.0, 1.0, 1.0, 1.0, 1.0, 1.0, 1.0, 1.0], "recall": [1.0, 0.8571428571428571, 0.7142857142857143, 0.5714285714285714, 0.42857142857142855, 0.2857142857142857, 0.14285714285714285, 0.0], "thresholds": [0.9859622120857239, 0.9961677193641663, 0.9998735189437866, 0.9999452829360962, 0.999993085861206, 0.9999945163726807, 0.9999982118606567]}, "monthly": {"precision": [1.0, 1.0], "recall": [1.0, 0.0], "thresholds": [0.995315670967102]}}}}