{"Suprapolity_relations": {"class_counts": [["none", 45], ["alliance", 32], ["vassalage", 8], ["nominal allegiance", 5], ["personal union", 4], ["nominal", 2]], "avg_precision": 0.8109501865262234, "avg_recall": 0.7983796296296296, "avg_f1": 0.8036474164133739, "avg_accuracy": 0.9375, "weighted_precision": 0.9205823458415624, "weighted_recall": 0.9375, "weighted_f1": 0.9278178824721378, "weighted_accuracy": 0.9375, "class_precision": [0.8979591836734694, 0.967741935483871, 1.0, 1.0, 1.0, 0.0], "class_recall": [0.9777777777777777, 0.9375, 0.875, 1.0, 1.0, 0.0], "class_f1": [0.9361702127659575, 0.9523809523809523, 0.9333333333333333, 1.0, 1.0, 0.0], "class_accuracy": 0.9375, "num_classes": 6, "num_applicable_rows": 96, "confusion_matrix": [["none", [["none", 44], ["alliance", 1]]], ["alliance", [["alliance", 30], ["none", 2]]], ["vassalage", [["vassalage", 7], ["none", 1]]], ["nominal allegiance", [["nominal allegiance", 5]]], ["personal union", [["personal union", 4]]], ["nominal", [["none", 2]]]], "precision_recall_curves": {"none": {"precision": [0.9, 0.8979591836734694, 0.9166666666666666, 0.9361702127659575, 0.9565217391304348, 0.9555555555555556, 0.9772727272727273, 0.9767441860465116, 0.9761904761904762, 0.975609756097561, 1.0, 1.0, 1.0, 1.0, 1.0, 1.0, 1.0, 1.0, 1.0, 1.0, 1.0, 1.0, 1.0, 1.0, 1.0, 1.0, 1.0, 1.0, 1.0, 1.0, 1.0, 1.0, 1.0, 1.0, 1.0, 1.0, 1.0, 1.0, 1.0, 1.0, 1.0, 1.0, 1.0, 1.0, 1.0, 1.0, 1.0, 1.0], "recall": [1.0, 0.9777777777777777, 0.9777777777777777, 0.9777777777777777, 0.9777777777777777, 0.9555555555555556, 0.9555555555555556, 0.9333333333333333, 0.9111111111111111, 0.8888888888888888, 0.8888888888888888, 0.8666666666666667, 0.8444444444444444, 0.8222222222222222, 0.8, 0.7777777777777778, 0.7555555555555555, 0.7333333333333333, 0.7111111111111111, 0.6888888888888889, 0.6666666666666666, 0.6444444444444445, 0.6222222222222222, 0.6, 0.5777777777777777, 0.5555555555555556, 0.5333333333333333, 0.5111111111111111, 0.4888888888888889, 0.4666666666666667, 0.4444444444444444, 0.4222222222222222, 0.4, 0.37777777777777777, 0.35555555555555557, 0.3333333333333333, 0.28888888888888886, 0.26666666666666666, 0.24444444444444444, 0.2222222222222222, 0.2, 0.17777777777777778, 0.15555555555555556, 0.1111111111111111, 0.08888888888888889, 0.06666666666666667, 0.022222222222222223, 0.0], "thresholds": [0.47059696912765503, 0.4990217685699463, 0.5022230744361877, 0.7721125483512878, 0.8155872821807861, 0.8324386477470398, 0.8742477893829346, 0.9104823470115662, 0.9556201696395874, 0.9700007438659668, 0.9742476344108582, 0.9917380213737488, 0.9929909706115723, 0.9930602312088013, 0.9940828680992126, 0.9945468902587891, 0.9947551488876343, 0.9962232112884521, 0.9970483183860779, 0.997056245803833, 0.9972020387649536, 0.9973338842391968, 0.9976342916488647, 0.9983693957328796, 0.9986013770103455, 0.9987755417823792, 0.9988238215446472, 0.999025821685791, 0.999036431312561, 0.9991279244422913, 0.9991297125816345, 0.999398946762085, 0.9994246959686279, 0.9996333122253418, 0.9996672868728638, 0.9997722506523132, 0.999826967716217, 0.9999138116836548, 0.9999572038650513, 0.9999681711196899, 0.9999700784683228, 0.9999828338623047, 0.9999949932098389, 0.9999959468841553, 0.9999997615814209, 0.9999998807907104, 1.0]}, "alliance": {"precision": [0.9411764705882353, 0.9393939393939394, 0.96875, 0.967741935483871, 0.9666666666666667, 1.0, 1.0, 1.0, 1.0, 1.0, 1.0, 1.0, 1.0, 1.0, 1.0, 1.0, 1.0, 1.0, 1.0, 1.0, 1.0, 1.0, 1.0, 1.0, 1.0, 1.0, 1.0, 1.0, 1.0, 1.0, 1.0], "recall": [1.0, 0.96875, 0.96875, 0.9375, 0.90625, 0.90625, 0.875, 0.84375, 0.8125, 0.78125, 0.75, 0.71875, 0.6875, 0.65625, 0.625, 0.59375, 0.5625, 0.53125, 0.5, 0.46875, 0.4375, 0.40625, 0.34375, 0.3125, 0.28125, 0.25, 0.1875, 0.125, 0.09375, 0.03125, 0.0], "thresholds": [0.2104189395904541, 0.36207762360572815, 0.43225163221359253, 0.49435701966285706, 0.5291486382484436, 0.5712013244628906, 0.6399688720703125, 0.674902081489563, 0.683567225933075, 0.7182545065879822, 0.7182801365852356, 0.75005042552948, 0.7509535551071167, 0.7837594747543335, 0.8368671536445618, 0.8870580196380615, 0.9709305763244629, 0.9763685464859009, 0.977843701839447, 0.980315625667572, 0.9871451258659363, 0.9941877126693726, 0.9979240894317627, 0.9982776641845703, 0.9991517066955566, 0.9999397993087769, 0.9999469518661499, 0.9999802112579346, 0.9999995231628418, 1.0]}, "vassalage": {"precision": [1.0, 1.0, 1.0, 1.0, 1.0, 1.0, 1.0, 1.0, 1.0], "recall": [1.0, 0.875, 0.75, 0.625, 0.5, 0.375, 0.25, 0.125, 0.0], "thresholds": [0.1399458348751068, 0.6823282241821289, 0.6952835917472839, 0.919400691986084, 0.9600878357887268, 0.9985356330871582, 0.999479353427887, 0.9999867677688599]}, "nominal allegiance": {"precision": [1.0, 1.0, 1.0, 1.0, 1.0, 1.0], "recall": [1.0, 0.8, 0.6, 0.4, 0.2, 0.0], "thresholds": [0.6703794598579407, 0.9388809204101562, 0.9824143052101135, 0.989409327507019, 0.9914382696151733]}, "nominal": {"precision": [0.09523809523809523, 0.05, 0.05263157894736842, 0.05555555555555555, 0.0, 0.0, 0.0, 0.0, 0.0, 0.0, 0.0, 0.0, 0.0, 0.0, 0.0, 0.0, 0.0, 0.0, 0.0, 0.0, 0.0, 1.0], "recall": [1.0, 0.5, 0.5, 0.5, 0.0, 0.0, 0.0, 0.0, 0.0, 0.0, 0.0, 0.0, 0.0, 0.0, 0.0, 0.0, 0.0, 0.0, 0.0, 0.0, 0.0, 0.0], "thresholds": [4.282053851056844e-05, 4.4148488086648285e-05, 5.026277722208761e-05, 6.164005753817037e-05, 0.00010007966193370521, 0.00010574341285973787, 0.00010695831588236615, 0.0001451955467928201, 0.0001541436358820647, 0.0001674786035437137, 0.00017891959578264505, 0.00019526622781995684, 0.00020991306519135833, 0.00037682749098166823, 0.0026717225555330515, 0.003383590606972575, 0.00442015053704381, 0.005974158179014921, 0.01555868610739708, 0.017276030033826828, 0.027023183181881905]}, "personal union": {"precision": [1.0, 1.0, 1.0, 1.0, 1.0], "recall": [1.0, 0.75, 0.5, 0.25, 0.0], "thresholds": [0.9973601698875427, 0.9985730648040771, 0.9985910058021545, 0.9985941052436829]}}}}