{"Suprapolity_relations": {"class_counts": [["none", 47], ["alliance", 35], ["vassalage", 7], ["nominal allegiance", 5], ["personal union", 2], ["nominal", 2]], "avg_precision": 0.7677777777777778, "avg_recall": 0.7904761904761904, "avg_f1": 0.7778221879192163, "avg_accuracy": 0.9489795918367347, "weighted_precision": 0.9338095238095239, "weighted_recall": 0.9489795918367347, "weighted_f1": 0.9403402410636232, "weighted_accuracy": 0.9489795918367347, "class_precision": [0.94, 1.0, 1.0, 0.6666666666666666, 1.0, 0.0], "class_recall": [1.0, 0.9428571428571428, 1.0, 0.8, 1.0, 0.0], "class_f1": [0.9690721649484536, 0.9705882352941176, 1.0, 0.7272727272727272, 1.0, 0.0], "class_accuracy": 0.9489795918367347, "num_classes": 6, "num_applicable_rows": 98, "confusion_matrix": [["none", [["none", 47]]], ["alliance", [["alliance", 33], ["none", 2]]], ["vassalage", [["vassalage", 7]]], ["nominal allegiance", [["nominal allegiance", 4], ["none", 1]]], ["personal union", [["personal union", 2]]], ["nominal", [["nominal allegiance", 2]]]], "precision_recall_curves": {"none": {"precision": [0.9591836734693877, 0.9583333333333334, 0.9574468085106383, 0.9565217391304348, 0.9555555555555556, 0.9772727272727273, 1.0, 1.0, 1.0, 1.0, 1.0, 1.0, 1.0, 1.0, 1.0, 1.0, 1.0, 1.0, 1.0, 1.0, 1.0, 1.0, 1.0, 1.0, 1.0, 1.0, 1.0, 1.0, 1.0, 1.0, 1.0, 1.0, 1.0, 1.0, 1.0, 1.0, 1.0, 1.0, 1.0, 1.0, 1.0, 1.0, 1.0, 1.0, 1.0, 1.0, 1.0, 1.0, 1.0], "recall": [1.0, 0.9787234042553191, 0.9574468085106383, 0.9361702127659575, 0.9148936170212766, 0.9148936170212766, 0.9148936170212766, 0.8936170212765957, 0.8723404255319149, 0.851063829787234, 0.8297872340425532, 0.8085106382978723, 0.7872340425531915, 0.7659574468085106, 0.7446808510638298, 0.723404255319149, 0.7021276595744681, 0.6808510638297872, 0.6595744680851063, 0.6382978723404256, 0.6170212765957447, 0.5957446808510638, 0.574468085106383, 0.5531914893617021, 0.5319148936170213, 0.5106382978723404, 0.48936170212765956, 0.46808510638297873, 0.44680851063829785, 0.425531914893617, 0.40425531914893614, 0.3829787234042553, 0.3617021276595745, 0.3404255319148936, 0.3191489361702128, 0.2978723404255319, 0.2765957446808511, 0.2553191489361702, 0.23404255319148937, 0.2127659574468085, 0.19148936170212766, 0.1702127659574468, 0.14893617021276595, 0.1276595744680851, 0.10638297872340426, 0.06382978723404255, 0.0425531914893617, 0.02127659574468085, 0.0], "thresholds": [0.8092055916786194, 0.893016517162323, 0.9160141944885254, 0.9479554891586304, 0.9488362073898315, 0.9500580430030823, 0.9588466286659241, 0.9675410389900208, 0.9706496000289917, 0.9786564707756042, 0.984696626663208, 0.985260009765625, 0.9856552481651306, 0.9858797192573547, 0.9860444068908691, 0.9877768754959106, 0.990301251411438, 0.9922907948493958, 0.9935160875320435, 0.9968180656433105, 0.9968191385269165, 0.9969657063484192, 0.9969712495803833, 0.9970945119857788, 0.9971044659614563, 0.9971862435340881, 0.9972140192985535, 0.9975361824035645, 0.9977096319198608, 0.9977179765701294, 0.9977191090583801, 0.9981142282485962, 0.9981449842453003, 0.9985213875770569, 0.9985944628715515, 0.9989511966705322, 0.9991324543952942, 0.9992735981941223, 0.9996938705444336, 0.9997474551200867, 0.9998131394386292, 0.999847412109375, 0.9999905824661255, 0.999990701675415, 0.9999908208847046, 0.9999974966049194, 0.9999994039535522, 1.0]}, "alliance": {"precision": [0.9459459459459459, 0.9444444444444444, 0.9428571428571428, 0.9705882352941176, 1.0, 1.0, 1.0, 1.0, 1.0, 1.0, 1.0, 1.0, 1.0, 1.0, 1.0, 1.0, 1.0, 1.0, 1.0, 1.0, 1.0, 1.0, 1.0, 1.0, 1.0, 1.0, 1.0, 1.0, 1.0, 1.0, 1.0, 1.0, 1.0, 1.0, 1.0, 1.0], "recall": [1.0, 0.9714285714285714, 0.9428571428571428, 0.9428571428571428, 0.9428571428571428, 0.9142857142857143, 0.8857142857142857, 0.8571428571428571, 0.8285714285714286, 0.8, 0.7714285714285715, 0.7428571428571429, 0.7142857142857143, 0.6857142857142857, 0.6571428571428571, 0.6285714285714286, 0.6, 0.5714285714285714, 0.5428571428571428, 0.5142857142857142, 0.4857142857142857, 0.45714285714285713, 0.42857142857142855, 0.4, 0.37142857142857144, 0.34285714285714286, 0.3142857142857143, 0.2857142857142857, 0.2571428571428571, 0.22857142857142856, 0.2, 0.17142857142857143, 0.14285714285714285, 0.08571428571428572, 0.02857142857142857, 0.0], "thresholds": [0.04925055056810379, 0.0504622720181942, 0.055005431175231934, 0.06347844004631042, 0.4893198609352112, 0.5688806176185608, 0.5791669487953186, 0.6603973507881165, 0.6737664341926575, 0.7616370320320129, 0.7683600187301636, 0.7757507562637329, 0.8308444619178772, 0.8581277132034302, 0.8917877078056335, 0.903354823589325, 0.9210982918739319, 0.9353877902030945, 0.9358567595481873, 0.9780005216598511, 0.980769157409668, 0.9873917698860168, 0.9923351407051086, 0.9939111471176147, 0.9940690994262695, 0.9953989386558533, 0.997649610042572, 0.9985231757164001, 0.9988970756530762, 0.9989774227142334, 0.9990381002426147, 0.9996838569641113, 0.9997755885124207, 0.9999411106109619, 0.9999983310699463]}, "vassalage": {"precision": [1.0, 1.0, 1.0, 1.0, 1.0, 1.0, 1.0, 1.0], "recall": [1.0, 0.8571428571428571, 0.7142857142857143, 0.5714285714285714, 0.42857142857142855, 0.2857142857142857, 0.14285714285714285, 0.0], "thresholds": [0.7943738698959351, 0.9118275046348572, 0.9530993700027466, 0.9880703687667847, 0.9916138648986816, 0.9939945340156555, 0.9992573857307434]}, "nominal allegiance": {"precision": [0.625, 0.5714285714285714, 0.6666666666666666, 0.8, 1.0, 1.0, 1.0, 1.0, 1.0], "recall": [1.0, 0.8, 0.8, 0.8, 0.8, 0.6, 0.4, 0.2, 0.0], "thresholds": [0.16590236127376556, 0.2672300934791565, 0.7964980006217957, 0.9376912117004395, 0.9716344475746155, 0.9848387241363525, 0.9920335412025452, 0.9977268576622009]}, "personal union": {"precision": [1.0, 1.0, 1.0], "recall": [1.0, 0.5, 0.0], "thresholds": [0.997424840927124, 0.9974755644798279]}, "nominal": {"precision": [0.05405405405405406, 0.027777777777777776, 0.02857142857142857, 0.029411764705882353, 0.030303030303030304, 0.03125, 0.03225806451612903, 0.03333333333333333, 0.034482758620689655, 0.03571428571428571, 0.037037037037037035, 0.038461538461538464, 0.04, 0.041666666666666664, 0.043478260869565216, 0.045454545454545456, 0.047619047619047616, 0.05, 0.05263157894736842, 0.05555555555555555, 0.058823529411764705, 0.0625, 0.06666666666666667, 0.07142857142857142, 0.07692307692307693, 0.08333333333333333, 0.09090909090909091, 0.1, 0.0, 0.0, 0.0, 0.0, 0.0, 0.0, 0.0, 0.0, 0.0, 1.0], "recall": [1.0, 0.5, 0.5, 0.5, 0.5, 0.5, 0.5, 0.5, 0.5, 0.5, 0.5, 0.5, 0.5, 0.5, 0.5, 0.5, 0.5, 0.5, 0.5, 0.5, 0.5, 0.5, 0.5, 0.5, 0.5, 0.5, 0.5, 0.5, 0.0, 0.0, 0.0, 0.0, 0.0, 0.0, 0.0, 0.0, 0.0, 0.0], "thresholds": [4.570287728711264e-06, 5.290227818477433e-06, 7.190572887338931e-06, 8.20259447209537e-06, 8.255977263615932e-06, 1.7160593415610492e-05, 1.760362647473812e-05, 2.119007876899559e-05, 2.2336489564622752e-05, 2.2984118913882412e-05, 2.750438216025941e-05, 2.7660516934702173e-05, 3.493139229249209e-05, 4.015121885458939e-05, 4.0815990359988064e-05, 4.456851820577867e-05, 4.475810783333145e-05, 5.2743729611393064e-05, 5.776312536909245e-05, 6.278446380747482e-05, 7.320119038922712e-05, 7.336909038713202e-05, 8.271799015346915e-05, 8.468555461149663e-05, 0.00018547390936873853, 0.00024022607249207795, 0.00035508867586031556, 0.0004778732545673847, 0.0007884029182605445, 0.0015038198325783014, 0.001718059298582375, 0.0017761675408110023, 0.006635517347604036, 0.010757960379123688, 0.013119193725287914, 0.021621648222208023, 0.049789056181907654]}}}}