{"Suprapolity_relations": {"class_counts": [["none", 45], ["alliance", 32], ["vassalage", 8], ["nominal allegiance", 5], ["personal union", 4], ["nominal", 2]], "avg_precision": 0.7897625448028673, "avg_recall": 0.8020833333333334, "avg_f1": 0.7937578550481775, "avg_accuracy": 0.9479166666666666, "weighted_precision": 0.930436547939068, "weighted_recall": 0.9479166666666666, "weighted_f1": 0.9378822790113114, "weighted_accuracy": 0.9479166666666666, "class_precision": [0.9375, 0.967741935483871, 1.0, 0.8333333333333334, 1.0, 0.0], "class_recall": [1.0, 0.9375, 0.875, 1.0, 1.0, 0.0], "class_f1": [0.967741935483871, 0.9523809523809523, 0.9333333333333333, 0.9090909090909091, 1.0, 0.0], "class_accuracy": 0.9479166666666666, "num_classes": 6, "num_applicable_rows": 96, "confusion_matrix": [["none", [["none", 45]]], ["alliance", [["alliance", 30], ["none", 2]]], ["vassalage", [["vassalage", 7], ["nominal allegiance", 1]]], ["nominal allegiance", [["nominal allegiance", 5]]], ["personal union", [["personal union", 4]]], ["nominal", [["alliance", 1], ["none", 1]]]], "precision_recall_curves": {"none": {"precision": [1.0, 1.0, 1.0, 1.0, 1.0, 1.0, 1.0, 1.0, 1.0, 1.0, 1.0, 1.0, 1.0, 1.0, 1.0, 1.0, 1.0, 1.0, 1.0, 1.0, 1.0, 1.0, 1.0, 1.0, 1.0, 1.0, 1.0, 1.0, 1.0, 1.0, 1.0, 1.0, 1.0, 1.0, 1.0, 1.0, 1.0, 1.0, 1.0, 1.0, 1.0, 1.0, 1.0, 1.0], "recall": [1.0, 0.9777777777777777, 0.9555555555555556, 0.9333333333333333, 0.9111111111111111, 0.8888888888888888, 0.8666666666666667, 0.8444444444444444, 0.8222222222222222, 0.8, 0.7777777777777778, 0.7555555555555555, 0.7333333333333333, 0.7111111111111111, 0.6888888888888889, 0.6666666666666666, 0.6444444444444445, 0.6222222222222222, 0.6, 0.5777777777777777, 0.5555555555555556, 0.5333333333333333, 0.5111111111111111, 0.4888888888888889, 0.4666666666666667, 0.4444444444444444, 0.4222222222222222, 0.4, 0.37777777777777777, 0.35555555555555557, 0.3333333333333333, 0.3111111111111111, 0.28888888888888886, 0.26666666666666666, 0.24444444444444444, 0.2222222222222222, 0.17777777777777778, 0.13333333333333333, 0.1111111111111111, 0.08888888888888889, 0.06666666666666667, 0.044444444444444446, 0.022222222222222223, 0.0], "thresholds": [0.7485863566398621, 0.8370217680931091, 0.8388708829879761, 0.9282187223434448, 0.9858353734016418, 0.9876254200935364, 0.9889605641365051, 0.9907321333885193, 0.9911020994186401, 0.9913069605827332, 0.992824912071228, 0.9955412745475769, 0.9957329630851746, 0.9959433674812317, 0.9965680837631226, 0.997747004032135, 0.9977783560752869, 0.9978718757629395, 0.9980611205101013, 0.9983839988708496, 0.9984197616577148, 0.9984397292137146, 0.9987431168556213, 0.9987585544586182, 0.9992477893829346, 0.9992631077766418, 0.9995961785316467, 0.9997054934501648, 0.9998323917388916, 0.9998331069946289, 0.9998394250869751, 0.9998949766159058, 0.9998950958251953, 0.9999257326126099, 0.9999350309371948, 0.9999537467956543, 0.9999786615371704, 0.9999819993972778, 0.999990701675415, 0.9999973773956299, 0.9999994039535522, 0.9999995231628418, 0.9999998807907104]}, "alliance": {"precision": [0.9696969696969697, 0.96875, 0.967741935483871, 0.9666666666666667, 0.9655172413793104, 0.9642857142857143, 0.9629629629629629, 0.9615384615384616, 0.96, 0.9583333333333334, 1.0, 1.0, 1.0, 1.0, 1.0, 1.0, 1.0, 1.0, 1.0, 1.0, 1.0, 1.0, 1.0, 1.0, 1.0, 1.0, 1.0, 1.0, 1.0, 1.0, 1.0], "recall": [1.0, 0.96875, 0.9375, 0.90625, 0.875, 0.84375, 0.8125, 0.78125, 0.75, 0.71875, 0.71875, 0.6875, 0.65625, 0.625, 0.59375, 0.53125, 0.5, 0.46875, 0.4375, 0.40625, 0.375, 0.34375, 0.3125, 0.28125, 0.25, 0.21875, 0.1875, 0.125, 0.09375, 0.0625, 0.0], "thresholds": [0.46471744775772095, 0.4647856056690216, 0.5656136274337769, 0.8445380330085754, 0.8576672077178955, 0.9236615896224976, 0.9317322373390198, 0.9485026001930237, 0.9496318697929382, 0.9644134640693665, 0.9725104570388794, 0.9728378057479858, 0.9758565425872803, 0.9861962795257568, 0.9864848852157593, 0.9866472482681274, 0.9871788024902344, 0.9918162226676941, 0.9922760128974915, 0.996792733669281, 0.9973201155662537, 0.9982971549034119, 0.9991613626480103, 0.9992303848266602, 0.9992313385009766, 0.9997660517692566, 0.9999920129776001, 0.9999966621398926, 0.9999997615814209, 0.9999998807907104]}, "vassalage": {"precision": [0.8888888888888888, 0.875, 1.0, 1.0, 1.0, 1.0, 1.0, 1.0, 1.0, 1.0], "recall": [1.0, 0.875, 0.875, 0.75, 0.625, 0.5, 0.375, 0.25, 0.125, 0.0], "thresholds": [0.0920005589723587, 0.1416010558605194, 0.7991692423820496, 0.9188371300697327, 0.9603276252746582, 0.9872315526008606, 0.9979134202003479, 0.9998181462287903, 0.999975323677063]}, "nominal allegiance": {"precision": [0.8333333333333334, 0.8, 1.0, 1.0, 1.0, 1.0, 1.0], "recall": [1.0, 0.8, 0.8, 0.6, 0.4, 0.2, 0.0], "thresholds": [0.509473979473114, 0.524497926235199, 0.9088616967201233, 0.9560037851333618, 0.9885237812995911, 0.9922129511833191]}, "personal union": {"precision": [1.0, 1.0, 1.0, 1.0, 1.0], "recall": [1.0, 0.75, 0.5, 0.25, 0.0], "thresholds": [0.9973759651184082, 0.999489426612854, 0.9994950294494629, 0.9994959831237793]}, "nominal": {"precision": [0.06666666666666667, 0.034482758620689655, 0.03571428571428571, 0.037037037037037035, 0.038461538461538464, 0.04, 0.041666666666666664, 0.043478260869565216, 0.045454545454545456, 0.047619047619047616, 0.05, 0.05263157894736842, 0.05555555555555555, 0.058823529411764705, 0.0625, 0.06666666666666667, 0.07142857142857142, 0.07692307692307693, 0.08333333333333333, 0.0, 0.0, 0.0, 0.0, 0.0, 0.0, 0.0, 0.0, 0.0, 0.0, 0.0, 1.0], "recall": [1.0, 0.5, 0.5, 0.5, 0.5, 0.5, 0.5, 0.5, 0.5, 0.5, 0.5, 0.5, 0.5, 0.5, 0.5, 0.5, 0.5, 0.5, 0.5, 0.0, 0.0, 0.0, 0.0, 0.0, 0.0, 0.0, 0.0, 0.0, 0.0, 0.0, 0.0], "thresholds": [1.013496444102202e-06, 1.2729302625302807e-06, 1.8718659475780441e-06, 2.430863332847366e-06, 2.9040768367849523e-06, 2.9812695174769033e-06, 5.959377176623093e-06, 6.0247216424613725e-06, 1.3076013601676095e-05, 1.4408365132112522e-05, 1.50646219481132e-05, 2.608155773486942e-05, 2.6255351258441806e-05, 2.6272942704963498e-05, 2.9423879823298194e-05, 3.733477933565155e-05, 5.7832166930893436e-05, 5.838087963638827e-05, 7.839306636014953e-05, 9.952796244760975e-05, 0.0001729608775349334, 0.00020269191008992493, 0.0004470685962587595, 0.0006553958519361913, 0.0008133734809234738, 0.0014059097738936543, 0.0031345870811492205, 0.0037593895103782415, 0.008485260419547558, 0.023385798558592796]}}}}