{"Most_widespread_ritual_frequency_for_audience": {"class_counts": [["not applicable", 46], ["daily", 11], ["yearly", 5], ["weekly", 4], ["monthly", 3], ["seasonally", 2], ["seasonal", 2], ["once per generation", 1]], "avg_precision": 0.9703733766233766, "avg_recall": 0.9668478260869565, "avg_f1": 0.9655555555555555, "avg_accuracy": 0.9459459459459459, "weighted_precision": 0.954018954018954, "weighted_recall": 0.9459459459459459, "weighted_f1": 0.9470270270270272, "weighted_accuracy": 0.9459459459459459, "class_precision": [0.9772727272727273, 0.7857142857142857, 1.0, 1.0, 1.0, 1.0, 1.0, 1.0], "class_recall": [0.9347826086956522, 1.0, 0.8, 1.0, 1.0, 1.0, 1.0, 1.0], "class_f1": [0.9555555555555557, 0.88, 0.888888888888889, 1.0, 1.0, 1.0, 1.0, 1.0], "class_accuracy": 0.9459459459459459, "num_classes": 8, "num_applicable_rows": 74, "confusion_matrix": [["not applicable", [["not applicable", 43], ["daily", 3]]], ["daily", [["daily", 11]]], ["yearly", [["yearly", 4], ["not applicable", 1]]], ["weekly", [["weekly", 4]]], ["monthly", [["monthly", 3]]], ["seasonally", [["seasonally", 2]]], ["seasonal", [["seasonal", 2]]], ["once per generation", [["once per generation", 1]]]], "precision_recall_curves": {"not applicable": {"precision": [0.9787234042553191, 0.9782608695652174, 0.9772727272727273, 0.9767441860465116, 0.9761904761904762, 0.975609756097561, 1.0, 1.0, 1.0, 1.0, 1.0, 1.0, 1.0, 1.0, 1.0, 1.0, 1.0, 1.0, 1.0, 1.0, 1.0, 1.0, 1.0, 1.0, 1.0, 1.0, 1.0, 1.0, 1.0, 1.0, 1.0, 1.0, 1.0, 1.0, 1.0, 1.0, 1.0, 1.0, 1.0, 1.0, 1.0, 1.0, 1.0], "recall": [1.0, 0.9782608695652174, 0.9347826086956522, 0.9130434782608695, 0.8913043478260869, 0.8695652173913043, 0.8695652173913043, 0.8478260869565217, 0.8260869565217391, 0.8043478260869565, 0.782608695652174, 0.7608695652173914, 0.7391304347826086, 0.717391304347826, 0.6956521739130435, 0.6739130434782609, 0.6521739130434783, 0.6304347826086957, 0.6086956521739131, 0.5652173913043478, 0.5434782608695652, 0.5217391304347826, 0.5, 0.45652173913043476, 0.43478260869565216, 0.41304347826086957, 0.391304347826087, 0.3695652173913043, 0.34782608695652173, 0.32608695652173914, 0.30434782608695654, 0.2826086956521739, 0.2608695652173913, 0.2391304347826087, 0.21739130434782608, 0.1956521739130435, 0.17391304347826086, 0.15217391304347827, 0.10869565217391304, 0.08695652173913043, 0.06521739130434782, 0.021739130434782608, 0.0], "thresholds": [0.11870365589857101, 0.121448814868927, 0.719187319278717, 0.9450368285179138, 0.9547056555747986, 0.9678791761398315, 0.9698596596717834, 0.9730541110038757, 0.9758363366127014, 0.9811215400695801, 0.982774019241333, 0.9857993125915527, 0.9865212440490723, 0.9873884916305542, 0.988983690738678, 0.9901353716850281, 0.9925606846809387, 0.9927090406417847, 0.9937657117843628, 0.9941418766975403, 0.9947519898414612, 0.9949827194213867, 0.9966917037963867, 0.9972706437110901, 0.9973228573799133, 0.9980643391609192, 0.9983581900596619, 0.9985132813453674, 0.9985610842704773, 0.9985693693161011, 0.9989885687828064, 0.9989940524101257, 0.9989988207817078, 0.999258816242218, 0.9992846846580505, 0.9995515942573547, 0.9996312856674194, 0.9997190833091736, 0.9997307658195496, 0.9997448325157166, 0.9999982118606567, 1.0]}, "daily": {"precision": [1.0, 1.0, 1.0, 1.0, 1.0, 1.0, 1.0, 1.0, 1.0, 1.0, 1.0, 1.0], "recall": [1.0, 0.9090909090909091, 0.8181818181818182, 0.7272727272727273, 0.6363636363636364, 0.5454545454545454, 0.45454545454545453, 0.36363636363636365, 0.2727272727272727, 0.18181818181818182, 0.09090909090909091, 0.0], "thresholds": [0.8827077150344849, 0.9402104020118713, 0.9693016409873962, 0.9744454026222229, 0.9819136261940002, 0.9819996356964111, 0.9832593202590942, 0.9838130474090576, 0.9891995191574097, 0.9965068697929382, 0.9992600083351135]}, "yearly": {"precision": [0.7142857142857143, 0.6666666666666666, 0.8, 1.0, 1.0, 1.0, 1.0, 1.0], "recall": [1.0, 0.8, 0.8, 0.8, 0.6, 0.4, 0.2, 0.0], "thresholds": [0.02953152172267437, 0.05431732162833214, 0.18357928097248077, 0.963878333568573, 0.9638956189155579, 0.9865819215774536, 0.9977526068687439]}, "monthly": {"precision": [1.0, 1.0, 1.0, 1.0], "recall": [1.0, 0.6666666666666666, 0.3333333333333333, 0.0], "thresholds": [0.9646642208099365, 0.9850690960884094, 0.9882164597511292]}, "seasonally": {"precision": [1.0, 1.0, 1.0], "recall": [1.0, 0.5, 0.0], "thresholds": [0.9500081539154053, 0.9794415235519409]}, "weekly": {"precision": [1.0, 1.0, 1.0, 1.0, 1.0], "recall": [1.0, 0.75, 0.5, 0.25, 0.0], "thresholds": [0.9748361110687256, 0.9845302104949951, 0.9863880276679993, 0.9997100234031677]}, "once per generation": {"precision": [1.0, 1.0], "recall": [1.0, 0.0], "thresholds": [0.9642511606216431]}, "seasonal": {"precision": [1.0, 1.0, 1.0], "recall": [1.0, 0.5, 0.0], "thresholds": [0.9222763776779175, 0.9225561022758484]}}}}