{"Most_widespread_ritual_frequency_for_audience": {"class_counts": [["not applicable", 48], ["daily", 11], ["weekly", 5], ["yearly", 5], ["monthly", 4], ["seasonal", 2], ["seasonally", 1]], "avg_precision": 0.9970845481049563, "avg_recall": 0.9714285714285714, "avg_f1": 0.9826542300769106, "avg_accuracy": 0.9868421052631579, "weighted_precision": 0.987110633727175, "weighted_recall": 0.9868421052631579, "weighted_f1": 0.9861789353107856, "weighted_accuracy": 0.9868421052631579, "class_precision": [0.9795918367346939, 1.0, 1.0, 1.0, 1.0, 1.0, 1.0], "class_recall": [1.0, 1.0, 1.0, 0.8, 1.0, 1.0, 1.0], "class_f1": [0.9896907216494846, 1.0, 1.0, 0.888888888888889, 1.0, 1.0, 1.0], "class_accuracy": 0.9868421052631579, "num_classes": 7, "num_applicable_rows": 76, "confusion_matrix": [["not applicable", [["not applicable", 48]]], ["daily", [["daily", 11]]], ["weekly", [["weekly", 5]]], ["yearly", [["yearly", 4], ["not applicable", 1]]], ["monthly", [["monthly", 4]]], ["seasonal", [["seasonal", 2]]], ["seasonally", [["seasonally", 1]]]], "precision_recall_curves": {"not applicable": {"precision": [0.9795918367346939, 0.9791666666666666, 0.9782608695652174, 0.9777777777777777, 0.9772727272727273, 0.9767441860465116, 0.9761904761904762, 0.975609756097561, 0.975, 0.9743589743589743, 0.9736842105263158, 0.972972972972973, 0.9722222222222222, 0.9705882352941176, 0.9696969696969697, 0.96875, 0.967741935483871, 0.9666666666666667, 0.9655172413793104, 0.9642857142857143, 0.9629629629629629, 0.9615384615384616, 0.96, 1.0, 1.0, 1.0, 1.0, 1.0, 1.0, 1.0, 1.0, 1.0, 1.0, 1.0, 1.0, 1.0, 1.0, 1.0, 1.0, 1.0, 1.0, 1.0, 1.0, 1.0, 1.0], "recall": [1.0, 0.9791666666666666, 0.9375, 0.9166666666666666, 0.8958333333333334, 0.875, 0.8541666666666666, 0.8333333333333334, 0.8125, 0.7916666666666666, 0.7708333333333334, 0.75, 0.7291666666666666, 0.6875, 0.6666666666666666, 0.6458333333333334, 0.625, 0.6041666666666666, 0.5833333333333334, 0.5625, 0.5416666666666666, 0.5208333333333334, 0.5, 0.5, 0.4791666666666667, 0.4583333333333333, 0.4375, 0.4166666666666667, 0.3958333333333333, 0.375, 0.3541666666666667, 0.3333333333333333, 0.2916666666666667, 0.2708333333333333, 0.25, 0.22916666666666666, 0.20833333333333334, 0.1875, 0.16666666666666666, 0.14583333333333334, 0.10416666666666667, 0.08333333333333333, 0.0625, 0.041666666666666664, 0.0], "thresholds": [0.3958553969860077, 0.40503671765327454, 0.9500892758369446, 0.9853728413581848, 0.9861859083175659, 0.9919877052307129, 0.9922282099723816, 0.9936770796775818, 0.9941282272338867, 0.9943491816520691, 0.9955101013183594, 0.9977745413780212, 0.9981104135513306, 0.9982010126113892, 0.9982477426528931, 0.9982588887214661, 0.9982654452323914, 0.9982848763465881, 0.9984598159790039, 0.998480498790741, 0.9985437393188477, 0.9987733960151672, 0.9989439845085144, 0.9991021156311035, 0.9994438290596008, 0.9996015429496765, 0.9997064471244812, 0.9997385144233704, 0.99977046251297, 0.999821126461029, 0.9999023675918579, 0.9999134540557861, 0.9999258518218994, 0.9999300241470337, 0.9999469518661499, 0.9999514818191528, 0.9999680519104004, 0.9999721050262451, 0.9999722242355347, 0.9999767541885376, 0.9999814033508301, 0.9999815225601196, 0.9999934434890747, 1.0]}, "daily": {"precision": [1.0, 1.0, 1.0, 1.0, 1.0, 1.0, 1.0, 1.0, 1.0, 1.0, 1.0, 1.0], "recall": [1.0, 0.9090909090909091, 0.8181818181818182, 0.7272727272727273, 0.6363636363636364, 0.5454545454545454, 0.45454545454545453, 0.36363636363636365, 0.2727272727272727, 0.18181818181818182, 0.09090909090909091, 0.0], "thresholds": [0.7037156820297241, 0.8978455662727356, 0.9751780033111572, 0.9893565773963928, 0.9927585124969482, 0.9959807395935059, 0.9965482354164124, 0.9969367980957031, 0.9983423948287964, 0.9986463189125061, 0.9994505047798157]}, "yearly": {"precision": [0.3125, 0.26666666666666666, 0.2857142857142857, 0.3076923076923077, 0.3333333333333333, 0.36363636363636365, 0.4, 0.4444444444444444, 0.5, 0.6666666666666666, 0.8, 1.0, 1.0, 1.0, 1.0, 1.0], "recall": [1.0, 0.8, 0.8, 0.8, 0.8, 0.8, 0.8, 0.8, 0.8, 0.8, 0.8, 0.8, 0.6, 0.4, 0.2, 0.0], "thresholds": [0.0009133494459092617, 0.0010605775751173496, 0.0029448301065713167, 0.0032244869507849216, 0.0033545205369591713, 0.010593696497380733, 0.01178412139415741, 0.02199888788163662, 0.02244967594742775, 0.04985756054520607, 0.05993208289146423, 0.9835029244422913, 0.987038254737854, 0.9932044744491577, 0.9995782971382141]}, "monthly": {"precision": [1.0, 1.0, 1.0, 1.0, 1.0], "recall": [1.0, 0.75, 0.5, 0.25, 0.0], "thresholds": [0.9847321510314941, 0.999061644077301, 0.9990617632865906, 0.999392032623291]}, "seasonally": {"precision": [1.0, 1.0], "recall": [1.0, 0.0], "thresholds": [0.9907846450805664]}, "weekly": {"precision": [1.0, 1.0, 1.0, 1.0, 1.0, 1.0], "recall": [1.0, 0.8, 0.6, 0.4, 0.2, 0.0], "thresholds": [0.9833124279975891, 0.9838723540306091, 0.9893480539321899, 0.9986822009086609, 0.9997279047966003]}, "seasonal": {"precision": [1.0, 1.0, 1.0], "recall": [1.0, 0.5, 0.0], "thresholds": [0.9533763527870178, 0.9553289413452148]}}}}