{"Most_widespread_ritual_frequency_for_audience": {"class_counts": [["not applicable", 46], ["daily", 11], ["yearly", 5], ["weekly", 4], ["monthly", 3], ["seasonal", 2], ["seasonally", 2], ["once per generation", 1]], "avg_precision": 0.9703733766233766, "avg_recall": 0.9668478260869565, "avg_f1": 0.9655555555555555, "avg_accuracy": 0.9459459459459459, "weighted_precision": 0.954018954018954, "weighted_recall": 0.9459459459459459, "weighted_f1": 0.9470270270270272, "weighted_accuracy": 0.9459459459459459, "class_precision": [0.9772727272727273, 0.7857142857142857, 1.0, 1.0, 1.0, 1.0, 1.0, 1.0], "class_recall": [0.9347826086956522, 1.0, 0.8, 1.0, 1.0, 1.0, 1.0, 1.0], "class_f1": [0.9555555555555557, 0.88, 0.888888888888889, 1.0, 1.0, 1.0, 1.0, 1.0], "class_accuracy": 0.9459459459459459, "num_classes": 8, "num_applicable_rows": 74, "confusion_matrix": [["not applicable", [["not applicable", 43], ["daily", 3]]], ["daily", [["daily", 11]]], ["yearly", [["yearly", 4], ["not applicable", 1]]], ["weekly", [["weekly", 4]]], ["monthly", [["monthly", 3]]], ["seasonal", [["seasonal", 2]]], ["seasonally", [["seasonally", 2]]], ["once per generation", [["once per generation", 1]]]], "precision_recall_curves": {"not applicable": {"precision": [0.8846153846153846, 0.8823529411764706, 0.8775510204081632, 0.8958333333333334, 0.9148936170212766, 0.9347826086956522, 0.9555555555555556, 0.9772727272727273, 0.9767441860465116, 1.0, 1.0, 1.0, 1.0, 1.0, 1.0, 1.0, 1.0, 1.0, 1.0, 1.0, 1.0, 1.0, 1.0, 1.0, 1.0, 1.0, 1.0, 1.0, 1.0, 1.0, 1.0, 1.0, 1.0, 1.0, 1.0, 1.0, 1.0, 1.0, 1.0, 1.0, 1.0, 1.0, 1.0, 1.0, 1.0, 1.0, 1.0, 1.0], "recall": [1.0, 0.9782608695652174, 0.9347826086956522, 0.9347826086956522, 0.9347826086956522, 0.9347826086956522, 0.9347826086956522, 0.9347826086956522, 0.9130434782608695, 0.9130434782608695, 0.8913043478260869, 0.8695652173913043, 0.8478260869565217, 0.8260869565217391, 0.8043478260869565, 0.782608695652174, 0.7391304347826086, 0.717391304347826, 0.6956521739130435, 0.6739130434782609, 0.6521739130434783, 0.6304347826086957, 0.6086956521739131, 0.5869565217391305, 0.5652173913043478, 0.5434782608695652, 0.5217391304347826, 0.5, 0.4782608695652174, 0.45652173913043476, 0.43478260869565216, 0.41304347826086957, 0.391304347826087, 0.3695652173913043, 0.34782608695652173, 0.32608695652173914, 0.30434782608695654, 0.2826086956521739, 0.2608695652173913, 0.2391304347826087, 0.21739130434782608, 0.1956521739130435, 0.17391304347826086, 0.15217391304347827, 0.13043478260869565, 0.08695652173913043, 0.043478260869565216, 0.0], "thresholds": [0.027802279219031334, 0.02967916987836361, 0.03884214162826538, 0.03907458484172821, 0.056028809398412704, 0.1239767000079155, 0.13072660565376282, 0.9361121654510498, 0.957843542098999, 0.9772585034370422, 0.980530858039856, 0.9950880408287048, 0.9960622191429138, 0.9969478249549866, 0.9986861348152161, 0.9986951947212219, 0.9987169504165649, 0.9988963603973389, 0.9989228844642639, 0.9992245435714722, 0.9994300007820129, 0.9995074272155762, 0.9996669292449951, 0.9997099041938782, 0.9997369647026062, 0.9997466206550598, 0.9997488856315613, 0.9998175501823425, 0.9998679161071777, 0.9998980760574341, 0.9999061822891235, 0.9999085664749146, 0.999919056892395, 0.9999212026596069, 0.999931812286377, 0.9999325275421143, 0.9999337196350098, 0.9999657869338989, 0.9999690055847168, 0.9999710321426392, 0.9999940395355225, 0.9999942779541016, 0.999997615814209, 0.9999982118606567, 0.9999985694885254, 0.9999990463256836, 1.0]}, "daily": {"precision": [1.0, 1.0, 1.0, 1.0, 1.0, 1.0, 1.0, 1.0, 1.0, 1.0, 1.0, 1.0], "recall": [1.0, 0.9090909090909091, 0.8181818181818182, 0.7272727272727273, 0.6363636363636364, 0.5454545454545454, 0.45454545454545453, 0.36363636363636365, 0.2727272727272727, 0.18181818181818182, 0.09090909090909091, 0.0], "thresholds": [0.8659654259681702, 0.868285596370697, 0.9919644594192505, 0.9933263063430786, 0.996669352054596, 0.9967665672302246, 0.9975798726081848, 0.997669517993927, 0.9982957243919373, 0.9983131885528564, 0.9999940395355225]}, "yearly": {"precision": [0.8333333333333334, 0.8, 1.0, 1.0, 1.0, 1.0, 1.0], "recall": [1.0, 0.8, 0.8, 0.6, 0.4, 0.2, 0.0], "thresholds": [0.0402921587228775, 0.045954495668411255, 0.9905926585197449, 0.9909272193908691, 0.9921912550926208, 0.9998663663864136]}, "monthly": {"precision": [1.0, 1.0, 1.0, 1.0], "recall": [1.0, 0.6666666666666666, 0.3333333333333333, 0.0], "thresholds": [0.9439702033996582, 0.9977326393127441, 0.9988032579421997]}, "weekly": {"precision": [1.0, 1.0, 1.0, 1.0, 1.0], "recall": [1.0, 0.75, 0.5, 0.25, 0.0], "thresholds": [0.9839394092559814, 0.9910792708396912, 0.9987571239471436, 0.9998254179954529]}, "seasonally": {"precision": [1.0, 1.0, 1.0], "recall": [1.0, 0.5, 0.0], "thresholds": [0.9706823825836182, 0.9970254302024841]}, "once per generation": {"precision": [1.0, 1.0], "recall": [1.0, 0.0], "thresholds": [0.991716206073761]}, "seasonal": {"precision": [1.0, 1.0, 1.0], "recall": [1.0, 0.5, 0.0], "thresholds": [0.9500192403793335, 0.95014488697052]}}}}