{"Degree_of_centralization": {"class_counts": [["quasipolity", 67], ["unitary state", 46], ["confederated state", 18], ["loose", 11], ["nominal", 6], ["none", 2], ["quasi-polity", 2], ["unitary", 1]], "avg_precision": 0.7999000420875421, "avg_recall": 0.761420171867933, "avg_f1": 0.7648852830605927, "avg_accuracy": 0.9150326797385621, "weighted_precision": 0.9202289782355141, "weighted_recall": 0.9150326797385621, "weighted_f1": 0.9075280328849809, "weighted_accuracy": 0.9150326797385621, "class_precision": [0.9848484848484849, 0.8518518518518519, 0.9375, 1.0, 0.625, 1.0, 1.0, 0.0], "class_recall": [0.9701492537313433, 1.0, 0.8333333333333334, 0.45454545454545453, 0.8333333333333334, 1.0, 1.0, 0.0], "class_f1": [0.9774436090225564, 0.92, 0.8823529411764706, 0.625, 0.7142857142857143, 1.0, 1.0, 0.0], "class_accuracy": 0.9150326797385621, "num_classes": 8, "num_applicable_rows": 153, "confusion_matrix": [["quasipolity", [["quasipolity", 65], ["unitary state", 2]]], ["unitary state", [["unitary state", 46]]], ["confederated state", [["confederated state", 15], ["unitary state", 3]]], ["loose", [["loose", 5], ["nominal", 3], ["quasipolity", 1], ["unitary state", 1], ["confederated state", 1]]], ["nominal", [["nominal", 5], ["unitary state", 1]]], ["none", [["none", 2]]], ["quasi-polity", [["quasi-polity", 2]]], ["unitary", [["unitary state", 1]]]], "precision_recall_curves": {"quasipolity": {"precision": [0.8589743589743589, 0.8571428571428571, 0.868421052631579, 0.88, 0.8918918918918919, 0.9041095890410958, 0.9166666666666666, 0.9295774647887324, 0.9285714285714286, 0.9420289855072463, 0.9558823529411765, 0.9701492537313433, 0.9848484848484849, 0.9846153846153847, 0.984375, 0.9841269841269841, 0.9838709677419355, 0.9836065573770492, 0.9833333333333333, 0.9830508474576272, 0.9827586206896551, 0.9824561403508771, 0.9821428571428571, 0.9818181818181818, 0.9814814814814815, 1.0, 1.0, 1.0, 1.0, 1.0, 1.0, 1.0, 1.0, 1.0, 1.0, 1.0, 1.0, 1.0, 1.0, 1.0, 1.0, 1.0, 1.0, 1.0, 1.0, 1.0, 1.0, 1.0, 1.0, 1.0, 1.0, 1.0, 1.0, 1.0, 1.0, 1.0, 1.0, 1.0, 1.0, 1.0, 1.0, 1.0, 1.0, 1.0, 1.0, 1.0, 1.0], "recall": [1.0, 0.9850746268656716, 0.9850746268656716, 0.9850746268656716, 0.9850746268656716, 0.9850746268656716, 0.9850746268656716, 0.9850746268656716, 0.9701492537313433, 0.9701492537313433, 0.9701492537313433, 0.9701492537313433, 0.9701492537313433, 0.9552238805970149, 0.9402985074626866, 0.9253731343283582, 0.9104477611940298, 0.8955223880597015, 0.8805970149253731, 0.8656716417910447, 0.8507462686567164, 0.835820895522388, 0.8208955223880597, 0.8059701492537313, 0.7910447761194029, 0.7910447761194029, 0.7761194029850746, 0.7611940298507462, 0.746268656716418, 0.7313432835820896, 0.7164179104477612, 0.7014925373134329, 0.6865671641791045, 0.6716417910447762, 0.6567164179104478, 0.6417910447761194, 0.6268656716417911, 0.6119402985074627, 0.5970149253731343, 0.582089552238806, 0.5671641791044776, 0.5522388059701493, 0.5373134328358209, 0.5223880597014925, 0.5074626865671642, 0.4925373134328358, 0.47761194029850745, 0.4626865671641791, 0.44776119402985076, 0.43283582089552236, 0.417910447761194, 0.40298507462686567, 0.3880597014925373, 0.373134328358209, 0.3582089552238806, 0.34328358208955223, 0.3283582089552239, 0.31343283582089554, 0.29850746268656714, 0.2835820895522388, 0.26865671641791045, 0.2537313432835821, 0.23880597014925373, 0.22388059701492538, 0.208955223880597, 0.19402985074626866, 0.0], "thresholds": [0.0014953428180888295, 0.001961949747055769, 0.0020410858560353518, 0.0026318314485251904, 0.0026319585740566254, 0.002807075157761574, 0.009287633933126926, 0.052179936319589615, 0.07246468961238861, 0.13729114830493927, 0.14545424282550812, 0.40270668268203735, 0.4109734296798706, 0.41284868121147156, 0.5770764946937561, 0.915825366973877, 0.9192502498626709, 0.9199922680854797, 0.9238618016242981, 0.9437869787216187, 0.9463181495666504, 0.9495238065719604, 0.9533310532569885, 0.9649549126625061, 0.9675518870353699, 0.9872384071350098, 0.9874847531318665, 0.9876114726066589, 0.9931948184967041, 0.9972608089447021, 0.9994240999221802, 0.9995929598808289, 0.9996834993362427, 0.9996911287307739, 0.9997957348823547, 0.9998194575309753, 0.9998238682746887, 0.9998262524604797, 0.9998340606689453, 0.999835729598999, 0.999836802482605, 0.9998422861099243, 0.9998428821563721, 0.999848484992981, 0.9998980760574341, 0.9999041557312012, 0.9999122619628906, 0.9999374151229858, 0.9999375343322754, 0.9999396800994873, 0.9999520778656006, 0.9999728202819824, 0.999975323677063, 0.9999760389328003, 0.999976634979248, 0.9999775886535645, 0.9999785423278809, 0.9999895095825195, 0.9999905824661255, 0.9999942779541016, 0.9999953508377075, 0.9999966621398926, 0.9999967813491821, 0.9999974966049194, 0.9999984502792358, 1.0]}, "unitary state": {"precision": [0.9019607843137255, 0.9, 0.8979591836734694, 0.8958333333333334, 0.9148936170212766, 0.9347826086956522, 0.9333333333333333, 0.9545454545454546, 0.9767441860465116, 0.9761904761904762, 0.975609756097561, 0.975, 0.9743589743589743, 0.9736842105263158, 0.972972972972973, 0.9722222222222222, 0.9714285714285714, 0.9705882352941176, 0.9696969696969697, 0.96875, 0.967741935483871, 0.9666666666666667, 1.0, 1.0, 1.0, 1.0, 1.0, 1.0, 1.0, 1.0, 1.0, 1.0, 1.0, 1.0, 1.0, 1.0, 1.0, 1.0, 1.0, 1.0, 1.0, 1.0, 1.0, 1.0, 1.0, 1.0, 1.0, 1.0, 1.0, 1.0, 1.0], "recall": [1.0, 0.9782608695652174, 0.9565217391304348, 0.9347826086956522, 0.9347826086956522, 0.9347826086956522, 0.9130434782608695, 0.9130434782608695, 0.9130434782608695, 0.8913043478260869, 0.8695652173913043, 0.8478260869565217, 0.8260869565217391, 0.8043478260869565, 0.782608695652174, 0.7608695652173914, 0.7391304347826086, 0.717391304347826, 0.6956521739130435, 0.6739130434782609, 0.6521739130434783, 0.6304347826086957, 0.6304347826086957, 0.6086956521739131, 0.5869565217391305, 0.5652173913043478, 0.5434782608695652, 0.5217391304347826, 0.5, 0.4782608695652174, 0.45652173913043476, 0.43478260869565216, 0.41304347826086957, 0.391304347826087, 0.3695652173913043, 0.34782608695652173, 0.32608695652173914, 0.30434782608695654, 0.2826086956521739, 0.2608695652173913, 0.2391304347826087, 0.21739130434782608, 0.1956521739130435, 0.17391304347826086, 0.15217391304347827, 0.13043478260869565, 0.10869565217391304, 0.08695652173913043, 0.06521739130434782, 0.021739130434782608, 0.0], "thresholds": [0.6878900527954102, 0.736498236656189, 0.7417563796043396, 0.744331955909729, 0.8136889338493347, 0.9185459613800049, 0.9481024742126465, 0.9636620879173279, 0.9659402966499329, 0.9679511189460754, 0.968535304069519, 0.9724310040473938, 0.9799968004226685, 0.9853294491767883, 0.9854405522346497, 0.9856035709381104, 0.9918992519378662, 0.9942031502723694, 0.9944124817848206, 0.9954801797866821, 0.9968467354774475, 0.9970308542251587, 0.9973299503326416, 0.9974567294120789, 0.9980650544166565, 0.9982852339744568, 0.9982981085777283, 0.9987025260925293, 0.9987412095069885, 0.9987928867340088, 0.9989514350891113, 0.9989618062973022, 0.9993058443069458, 0.9994396567344666, 0.9995978474617004, 0.9996788501739502, 0.9996986389160156, 0.9997633099555969, 0.9998075366020203, 0.9998332262039185, 0.9998366832733154, 0.9998981952667236, 0.9999107122421265, 0.9999111890792847, 0.9999897480010986, 0.9999932050704956, 0.999995231628418, 0.9999953508377075, 0.9999963045120239, 0.9999988079071045]}, "confederated state": {"precision": [0.4090909090909091, 0.3953488372093023, 0.40476190476190477, 0.4146341463414634, 0.425, 0.4358974358974359, 0.4473684210526316, 0.4594594594594595, 0.4722222222222222, 0.4857142857142857, 0.5, 0.5151515151515151, 0.53125, 0.5483870967741935, 0.5666666666666667, 0.5862068965517241, 0.6071428571428571, 0.6296296296296297, 0.6538461538461539, 0.68, 0.7083333333333334, 0.7391304347826086, 0.7727272727272727, 0.8095238095238095, 0.85, 0.8947368421052632, 0.8888888888888888, 0.9411764705882353, 0.9375, 1.0, 1.0, 1.0, 1.0, 1.0, 1.0, 1.0, 1.0, 1.0, 1.0, 1.0, 1.0, 1.0, 1.0, 1.0, 1.0],