{"Scale_of_supracultural_interaction": {"class_counts": [["1000000", 6], ["4000000", 4], ["3500000", 3], ["3000000", 3], ["4500000", 2], ["17000000", 2], ["5600000", 2], ["5500000", 2], ["125000-150000", 2], ["2175000", 2], ["1500000", 2], ["8500000", 1], ["4771577", 1], ["15000000", 1], ["50000", 1], ["750000", 1], ["2200000", 1], ["3425804", 1], ["100", 1], ["125000", 1], ["11839074", 1], ["25000", 1], ["2400000", 1], ["5112903", 1], ["90000", 1], ["13100000", 1], ["720000", 1], ["5400000", 1], ["9000000", 1], ["not applicable", 1], ["1700000", 1]], "avg_precision": 0.8854166666666666, "avg_recall": 0.8958333333333333, "avg_f1": 0.8895833333333333, "avg_accuracy": 0.94, "weighted_precision": 0.9266666666666665, "weighted_recall": 0.94, "weighted_f1": 0.932, "weighted_accuracy": 0.94, "class_precision": [1.0, 1.0, 1.0, 0.6666666666666666, 1.0, 1.0, 1.0, 1.0, 0.6666666666666666, 1.0, 1.0, 1.0, 1.0, 1.0, 1.0, 1.0, 1.0, 1.0, 1.0, 0.0, 1.0, 1.0, 0.0, 1.0, 1.0, 1.0, 1.0, 1.0, 1.0, 1.0, 1.0], "class_recall": [1.0, 1.0, 1.0, 0.6666666666666666, 1.0, 1.0, 1.0, 1.0, 1.0, 1.0, 1.0, 1.0, 1.0, 1.0, 1.0, 1.0, 1.0, 1.0, 1.0, 0.0, 1.0, 1.0, 0.0, 1.0, 1.0, 1.0, 1.0, 1.0, 1.0, 1.0, 1.0], "class_f1": [1.0, 1.0, 1.0, 0.6666666666666666, 1.0, 1.0, 1.0, 1.0, 0.8, 1.0, 1.0, 1.0, 1.0, 1.0, 1.0, 1.0, 1.0, 1.0, 1.0, 0.0, 1.0, 1.0, 0.0, 1.0, 1.0, 1.0, 1.0, 1.0, 1.0, 1.0, 1.0], "class_accuracy": 0.94, "num_classes": 31, "num_applicable_rows": 50, "confusion_matrix": [["1000000", [["1000000", 6]]], ["4000000", [["4000000", 4]]], ["3500000", [["3500000", 3]]], ["3000000", [["3000000", 2], ["2750000", 1]]], ["4500000", [["4500000", 2]]], ["17000000", [["17000000", 2]]], ["5600000", [["5600000", 2]]], ["5500000", [["5500000", 2]]], ["125000-150000", [["125000-150000", 2]]], ["2175000", [["2175000", 2]]], ["1500000", [["1500000", 2]]], ["8500000", [["8500000", 1]]], ["4771577", [["4771577", 1]]], ["15000000", [["15000000", 1]]], ["50000", [["50000", 1]]], ["750000", [["750000", 1]]], ["2200000", [["2200000", 1]]], ["3425804", [["3425804", 1]]], ["100", [["100", 1]]], ["125000", [["125000-150000", 1]]], ["11839074", [["11839074", 1]]], ["25000", [["25000", 1]]], ["2400000", [["3000000", 1]]], ["5112903", [["5112903", 1]]], ["90000", [["90000", 1]]], ["13100000", [["13100000", 1]]], ["720000", [["720000", 1]]], ["5400000", [["5400000", 1]]], ["9000000", [["9000000", 1]]], ["not applicable", [["not applicable", 1]]], ["1700000", [["1700000", 1]]]], "precision_recall_curves": {"1000000": {"precision": [1.0, 1.0, 1.0, 1.0, 1.0, 1.0, 1.0], "recall": [1.0, 0.8333333333333334, 0.6666666666666666, 0.5, 0.3333333333333333, 0.16666666666666666, 0.0], "thresholds": [0.9841769933700562, 0.9981006979942322, 0.9981909394264221, 0.9988399147987366, 0.9988729357719421, 0.9988765120506287]}, "3000000": {"precision": [0.75, 0.6666666666666666, 1.0, 1.0, 1.0], "recall": [1.0, 0.6666666666666666, 0.6666666666666666, 0.3333333333333333, 0.0], "thresholds": [0.37141087651252747, 0.47919419407844543, 0.9970627427101135, 1.0]}, "17000000": {"precision": [1.0, 1.0, 1.0], "recall": [1.0, 0.5, 0.0], "thresholds": [0.976344883441925, 0.986570417881012]}, "4500000": {"precision": [1.0, 1.0, 1.0], "recall": [1.0, 0.5, 0.0], "thresholds": [0.9746402502059937, 0.9913522005081177]}, "2175000": {"precision": [1.0, 1.0, 1.0], "recall": [1.0, 0.5, 0.0], "thresholds": [0.9921548962593079, 0.9945474863052368]}, "9000000": {"precision": [1.0, 1.0], "recall": [1.0, 0.0], "thresholds": [0.9977587461471558]}, "750000": {"precision": [1.0, 1.0], "recall": [1.0, 0.0], "thresholds": [0.9833679795265198]}, "13100000": {"precision": [1.0, 1.0], "recall": [1.0, 0.0], "thresholds": [0.988055408000946]}, "5112903": {"precision": [1.0, 1.0], "recall": [1.0, 0.0], "thresholds": [0.9891005158424377]}, "5500000": {"precision": [1.0, 1.0, 1.0], "recall": [1.0, 0.5, 0.0], "thresholds": [0.9988672733306885, 0.9992561936378479]}, "3500000": {"precision": [1.0, 1.0, 1.0, 1.0], "recall": [1.0, 0.6666666666666666, 0.3333333333333333, 0.0], "thresholds": [0.9539222121238708, 0.9802023768424988, 0.9829593896865845]}, "25000": {"precision": [1.0, 1.0], "recall": [1.0, 0.0], "thresholds": [0.9974356293678284]}, "4000000": {"precision": [1.0, 1.0, 1.0, 1.0, 1.0], "recall": [1.0, 0.75, 0.5, 0.25, 0.0], "thresholds": [0.9237444996833801, 0.9500002861022949, 0.9639630317687988, 0.982796311378479]}, "not applicable": {"precision": [1.0, 1.0], "recall": [1.0, 0.0], "thresholds": [0.9988136291503906]}, "4771577": {"precision": [1.0, 1.0], "recall": [1.0, 0.0], "thresholds": [0.998508870601654]}, "1700000": {"precision": [1.0, 1.0], "recall": [1.0, 0.0], "thresholds": [0.8495392799377441]}, "1500000": {"precision": [1.0, 1.0, 1.0], "recall": [1.0, 0.5, 0.0], "thresholds": [0.9986501336097717, 0.9986715316772461]}, "2200000": {"precision": [1.0, 1.0], "recall": [1.0, 0.0], "thresholds": [0.9791166186332703]}, "90000": {"precision": [1.0, 1.0], "recall": [1.0, 0.0], "thresholds": [0.9618951678276062]}, "3425804": {"precision": [1.0, 1.0], "recall": [1.0, 0.0], "thresholds": [0.9965518712997437]}, "15000000": {"precision": [1.0, 1.0], "recall": [1.0, 0.0], "thresholds": [0.9643107652664185]}, "5400000": {"precision": [1.0, 1.0], "recall": [1.0, 0.0], "thresholds": [0.9848055243492126]}, "720000": {"precision": [1.0, 1.0], "recall": [1.0, 0.0], "thresholds": [0.999131977558136]}, "11839074": {"precision": [1.0, 1.0], "recall": [1.0, 0.0], "thresholds": [0.9944128394126892]}, "50000": {"precision": [1.0, 1.0], "recall": [1.0, 0.0], "thresholds": [0.9965389966964722]}, "125000-150000": {"precision": [0.6666666666666666, 0.5, 1.0, 1.0], "recall": [1.0, 0.5, 0.5, 0.0], "thresholds": [0.9937919974327087, 0.996013879776001, 0.9960838556289673]}, "5600000": {"precision": [1.0, 1.0, 1.0], "recall": [1.0, 0.5, 0.0], "thresholds": [0.9967619180679321, 0.997860848903656]}, "2400000": {"precision": [1.0, 1.0], "recall": [1.0, 0.0], "thresholds": [0.4503672122955322]}, "100": {"precision": [1.0, 1.0], "recall": [1.0, 0.0], "thresholds": [0.9889907836914062]}, "8500000": {"precision": [1.0, 1.0], "recall": [1.0, 0.0], "thresholds": [0.9040933847427368]}, "125000": {"precision": [0.5, 0.0, 1.0], "recall": [1.0, 0.0, 0.0], "thresholds": [0.001009367872029543, 0.0010684299049898982]}}}}