{"High_gods_(creator_gods)": {"class_counts": [["moralizing", 33], ["inactive", 11], ["active", 10], ["0", 9]], "avg_precision": 0.9541666666666666, "avg_recall": 0.9848484848484849, "avg_f1": 0.9681600400457666, "avg_accuracy": 0.9682539682539683, "weighted_precision": 0.9711640211640212, "weighted_recall": 0.9682539682539683, "weighted_f1": 0.9685207130144201, "weighted_accuracy": 0.9682539682539683, "class_precision": [1.0, 0.9166666666666666, 1.0, 0.9], "class_recall": [0.9393939393939394, 1.0, 1.0, 1.0], "class_f1": [0.96875, 0.9565217391304348, 1.0, 0.9473684210526316], "class_accuracy": 0.9682539682539683, "num_classes": 4, "num_applicable_rows": 63, "confusion_matrix": [["moralizing", [["moralizing", 31], ["inactive", 1], ["0", 1]]], ["inactive", [["inactive", 11]]], ["active", [["active", 10]]], ["0", [["0", 9]]]], "precision_recall_curves": {"moralizing": {"precision": [0.559322033898305, 0.5517241379310345, 0.5614035087719298, 0.5714285714285714, 0.5818181818181818, 0.5925925925925926, 0.6037735849056604, 0.6153846153846154, 0.6274509803921569, 0.64, 0.6530612244897959, 0.6666666666666666, 0.6808510638297872, 0.6956521739130435, 0.7111111111111111, 0.7272727272727273, 0.7441860465116279, 0.7619047619047619, 0.7804878048780488, 0.8, 0.8205128205128205, 0.8421052631578947, 0.8648648648648649, 0.8611111111111112, 0.8857142857142857, 0.9117647058823529, 0.9393939393939394, 0.96875, 1.0, 1.0, 1.0, 1.0, 1.0, 1.0, 1.0, 1.0, 1.0, 1.0, 1.0, 1.0, 1.0, 1.0, 1.0, 1.0, 1.0, 1.0, 1.0, 1.0, 1.0, 1.0, 1.0, 1.0, 1.0, 1.0, 1.0, 1.0, 1.0, 1.0, 1.0], "recall": [1.0, 0.9696969696969697, 0.9696969696969697, 0.9696969696969697, 0.9696969696969697, 0.9696969696969697, 0.9696969696969697, 0.9696969696969697, 0.9696969696969697, 0.9696969696969697, 0.9696969696969697, 0.9696969696969697, 0.9696969696969697, 0.9696969696969697, 0.9696969696969697, 0.9696969696969697, 0.9696969696969697, 0.9696969696969697, 0.9696969696969697, 0.9696969696969697, 0.9696969696969697, 0.9696969696969697, 0.9696969696969697, 0.9393939393939394, 0.9393939393939394, 0.9393939393939394, 0.9393939393939394, 0.9393939393939394, 0.9393939393939394, 0.9090909090909091, 0.8787878787878788, 0.8484848484848485, 0.8181818181818182, 0.7878787878787878, 0.7575757575757576, 0.7272727272727273, 0.696969696969697, 0.6666666666666666, 0.6363636363636364, 0.6060606060606061, 0.5757575757575758, 0.5454545454545454, 0.5151515151515151, 0.48484848484848486, 0.45454545454545453, 0.42424242424242425, 0.3939393939393939, 0.36363636363636365, 0.3333333333333333, 0.30303030303030304, 0.2727272727272727, 0.24242424242424243, 0.21212121212121213, 0.18181818181818182, 0.15151515151515152, 0.12121212121212122, 0.09090909090909091, 0.030303030303030304, 0.0], "thresholds": [1.1987467587459832e-05, 1.993779187614564e-05, 2.3008342395769432e-05, 6.017829946358688e-05, 9.858442354016006e-05, 0.00013928295811638236, 0.00015158332826104015, 0.00021632862626574934, 0.0002455722133163363, 0.00030043491278775036, 0.00036288192495703697, 0.0006770799518562853, 0.000873727083671838, 0.0013928250409662724, 0.0019224307034164667, 0.002152543282136321, 0.0028867770452052355, 0.0032049575820565224, 0.0039701564237475395, 0.005571029148995876, 0.005947654135525227, 0.00968492403626442, 0.025051230564713478, 0.027362504974007607, 0.028497587889432907, 0.041252925992012024, 0.049863189458847046, 0.13040030002593994, 0.9774289727210999, 0.983504056930542, 0.9949179887771606, 0.9951635599136353, 0.9956597685813904, 0.9961232542991638, 0.9967729449272156, 0.9970408082008362, 0.9972022771835327, 0.9981675148010254, 0.9984415173530579, 0.9985498785972595, 0.9985640645027161, 0.9988403916358948, 0.9990144968032837, 0.9990326166152954, 0.9995388984680176, 0.9996979236602783, 0.9997757077217102, 0.9997784495353699, 0.9998295307159424, 0.9998432397842407, 0.9998878240585327, 0.9999420642852783, 0.9999610185623169, 0.9999867677688599, 0.9999949932098389, 0.9999960660934448, 0.9999997615814209, 0.9999998807907104]}, "inactive": {"precision": [0.9166666666666666, 0.9090909090909091, 0.9, 0.8888888888888888, 0.875, 0.8571428571428571, 0.8333333333333334, 0.8, 0.75, 0.6666666666666666, 0.5, 0.0, 1.0], "recall": [1.0, 0.9090909090909091, 0.8181818181818182, 0.7272727272727273, 0.6363636363636364, 0.5454545454545454, 0.45454545454545453, 0.36363636363636365, 0.2727272727272727, 0.18181818181818182, 0.09090909090909091, 0.0, 0.0], "thresholds": [0.9500121474266052, 0.9527841806411743, 0.9586309194564819, 0.9795584082603455, 0.9884646534919739, 0.9949926733970642, 0.9958111047744751, 0.9963185787200928, 0.9967309236526489, 0.9993096590042114, 0.9994181394577026, 0.9999876022338867]}, "0": {"precision": [1.0, 1.0, 1.0, 1.0, 1.0, 1.0, 1.0, 1.0, 1.0, 1.0], "recall": [1.0, 0.8888888888888888, 0.7777777777777778, 0.6666666666666666, 0.5555555555555556, 0.4444444444444444, 0.3333333333333333, 0.2222222222222222, 0.1111111111111111, 0.0], "thresholds": [0.9901881814002991, 0.9940523505210876, 0.9970292448997498, 0.999642014503479, 0.999866247177124, 0.9998664855957031, 0.999870777130127, 0.9999728202819824, 0.9999758005142212]}, "active": {"precision": [1.0, 1.0, 1.0, 1.0, 1.0, 1.0, 1.0, 1.0, 1.0, 1.0, 1.0], "recall": [1.0, 0.9, 0.8, 0.7, 0.6, 0.5, 0.4, 0.3, 0.2, 0.1, 0.0], "thresholds": [0.7791323661804199, 0.8133827447891235, 0.9923547506332397, 0.9971625208854675, 0.9990422129631042, 0.9991661310195923, 0.9993996620178223, 0.9995046854019165, 0.999678373336792, 0.9998807907104492]}}}}