{"Largest_scale_ritual_frequency_for_ritual_specialist": {"class_counts": [["yearly", 51], ["once per generation", 11], ["seasonally", 7], ["not applicable", 3], ["once in a lifetime", 2], ["monthly", 2]], "avg_precision": 0.9743589743589745, "avg_recall": 0.9934640522875817, "avg_f1": 0.9827777777777778, "avg_accuracy": 0.9736842105263158, "weighted_precision": 0.9777327935222672, "weighted_recall": 0.9736842105263158, "weighted_f1": 0.9745175438596491, "weighted_accuracy": 0.9736842105263158, "class_precision": [1.0, 0.8461538461538461, 1.0, 1.0, 1.0, 1.0], "class_recall": [0.9607843137254902, 1.0, 1.0, 1.0, 1.0, 1.0], "class_f1": [0.98, 0.9166666666666666, 1.0, 1.0, 1.0, 1.0], "class_accuracy": 0.9736842105263158, "num_classes": 6, "num_applicable_rows": 76, "confusion_matrix": [["yearly", [["yearly", 49], ["once per generation", 2]]], ["once per generation", [["once per generation", 11]]], ["seasonally", [["seasonally", 7]]], ["not applicable", [["not applicable", 3]]], ["once in a lifetime", [["once in a lifetime", 2]]], ["monthly", [["monthly", 2]]]], "precision_recall_curves": {"yearly": {"precision": [1.0, 1.0, 1.0, 1.0, 1.0, 1.0, 1.0, 1.0, 1.0, 1.0, 1.0, 1.0, 1.0, 1.0, 1.0, 1.0, 1.0, 1.0, 1.0, 1.0, 1.0, 1.0, 1.0, 1.0, 1.0, 1.0, 1.0, 1.0, 1.0], "recall": [1.0, 0.9607843137254902, 0.9411764705882353, 0.9215686274509803, 0.9019607843137255, 0.8823529411764706, 0.8627450980392157, 0.8431372549019608, 0.8235294117647058, 0.803921568627451, 0.7843137254901961, 0.7647058823529411, 0.7450980392156863, 0.7254901960784313, 0.7058823529411765, 0.6862745098039216, 0.6666666666666666, 0.6470588235294118, 0.6274509803921569, 0.6078431372549019, 0.5882352941176471, 0.5686274509803921, 0.5294117647058824, 0.5098039215686274, 0.49019607843137253, 0.45098039215686275, 0.37254901960784315, 0.3333333333333333, 0.0], "thresholds": [0.4610767066478729, 0.9977896213531494, 0.9993867874145508, 0.9999018907546997, 0.9999170303344727, 0.9999351501464844, 0.9999452829360962, 0.9999496936798096, 0.9999501705169678, 0.9999514818191528, 0.9999690055847168, 0.9999833106994629, 0.9999861717224121, 0.9999927282333374, 0.999995231628418, 0.9999963045120239, 0.9999964237213135, 0.9999972581863403, 0.9999973773956299, 0.9999982118606567, 0.9999984502792358, 0.9999986886978149, 0.9999990463256836, 0.9999991655349731, 0.9999996423721313, 0.9999997615814209, 0.9999998807907104, 1.0]}, "once per generation": {"precision": [1.0, 1.0, 1.0, 1.0, 1.0, 1.0, 1.0, 1.0], "recall": [1.0, 0.9090909090909091, 0.8181818181818182, 0.7272727272727273, 0.6363636363636364, 0.5454545454545454, 0.36363636363636365, 0.0], "thresholds": [0.9990963935852051, 0.9992103576660156, 0.9993378520011902, 0.9998466968536377, 0.9998999834060669, 0.9999971389770508, 0.9999995231628418]}, "seasonally": {"precision": [1.0, 1.0, 1.0, 1.0, 1.0, 1.0, 1.0, 1.0], "recall": [1.0, 0.8571428571428571, 0.7142857142857143, 0.5714285714285714, 0.42857142857142855, 0.2857142857142857, 0.14285714285714285, 0.0], "thresholds": [0.9977471232414246, 0.999731719493866, 0.9997348189353943, 0.9997386336326599, 0.9999769926071167, 0.9999773502349854, 0.999997615814209]}, "not applicable": {"precision": [1.0, 1.0, 1.0, 1.0], "recall": [1.0, 0.6666666666666666, 0.3333333333333333, 0.0], "thresholds": [0.999607264995575, 0.999875545501709, 0.9998762607574463]}, "once in a lifetime": {"precision": [1.0, 1.0, 1.0], "recall": [1.0, 0.5, 0.0], "thresholds": [0.9990830421447754, 0.9991044402122498]}, "monthly": {"precision": [1.0, 1.0, 1.0], "recall": [1.0, 0.5, 0.0], "thresholds": [0.9999775886535645, 0.9999802112579346]}}}}