{"Administrative_levels": {"class_counts": [["5", 26], ["1", 25], ["4", 24], ["3", 22], ["2", 14], ["6", 7], ["8", 5], ["7", 5], ["6.5", 3], ["0", 2], ["9", 1]], "avg_precision": 0.9928451178451178, "avg_recall": 0.9920798898071627, "avg_f1": 0.9923826904410493, "avg_accuracy": 0.9850746268656716, "weighted_precision": 0.9853510226644555, "weighted_recall": 0.9850746268656716, "weighted_f1": 0.9850582541439359, "weighted_accuracy": 0.9850746268656716, "class_precision": [0.9629629629629629, 1.0, 0.9583333333333334, 1.0, 1.0, 1.0, 1.0, 1.0, 1.0, 1.0, 1.0], "class_recall": [1.0, 1.0, 0.9583333333333334, 0.9545454545454546, 1.0, 1.0, 1.0, 1.0, 1.0, 1.0, 1.0], "class_f1": [0.9811320754716981, 1.0, 0.9583333333333334, 0.9767441860465117, 1.0, 1.0, 1.0, 1.0, 1.0, 1.0, 1.0], "class_accuracy": 0.9850746268656716, "num_classes": 11, "num_applicable_rows": 134, "confusion_matrix": [["5", [["5", 26]]], ["1", [["1", 25]]], ["4", [["4", 23], ["5", 1]]], ["3", [["3", 21], ["4", 1]]], ["2", [["2", 14]]], ["6", [["6", 7]]], ["8", [["8", 5]]], ["7", [["7", 5]]], ["6.5", [["6.5", 3]]], ["0", [["0", 2]]], ["9", [["9", 1]]]], "precision_recall_curves": {"1": {"precision": [1.0, 1.0], "recall": [1.0, 0.0], "thresholds": [1.0]}, "4": {"precision": [0.4444444444444444, 0.4339622641509434, 0.4423076923076923, 0.45098039215686275, 0.46, 0.46938775510204084, 0.4791666666666667, 0.48936170212765956, 0.5, 0.5111111111111111, 0.5227272727272727, 0.5348837209302325, 0.5476190476190477, 0.5609756097560976, 0.575, 0.5897435897435898, 0.6052631578947368, 0.6216216216216216, 0.6388888888888888, 0.6571428571428571, 0.6764705882352942, 0.696969696969697, 0.71875, 0.7419354838709677, 0.7666666666666667, 0.7931034482758621, 0.8214285714285714, 0.8518518518518519, 0.8846153846153846, 0.92, 0.9583333333333334, 0.9565217391304348, 1.0, 1.0, 1.0, 1.0, 1.0, 1.0, 1.0, 1.0, 1.0, 1.0, 1.0, 1.0, 1.0, 1.0, 1.0], "recall": [1.0, 0.9583333333333334, 0.9583333333333334, 0.9583333333333334, 0.9583333333333334, 0.9583333333333334, 0.9583333333333334, 0.9583333333333334, 0.9583333333333334, 0.9583333333333334, 0.9583333333333334, 0.9583333333333334, 0.9583333333333334, 0.9583333333333334, 0.9583333333333334, 0.9583333333333334, 0.9583333333333334, 0.9583333333333334, 0.9583333333333334, 0.9583333333333334, 0.9583333333333334, 0.9583333333333334, 0.9583333333333334, 0.9583333333333334, 0.9583333333333334, 0.9583333333333334, 0.9583333333333334, 0.9583333333333334, 0.9583333333333334, 0.9583333333333334, 0.9583333333333334, 0.9166666666666666, 0.9166666666666666, 0.875, 0.8333333333333334, 0.7916666666666666, 0.75, 0.7083333333333334, 0.6666666666666666, 0.625, 0.5833333333333334, 0.5416666666666666, 0.5, 0.4583333333333333, 0.4166666666666667, 0.3333333333333333, 0.0], "thresholds": [5.282096093850441e-09, 1.2234945501177208e-08, 2.1129533678276857e-08, 4.8867086377413216e-08, 7.505886401304451e-08, 9.361060193668891e-08, 9.765913233650281e-08, 1.737949162361474e-07, 2.2047036907224538e-07, 2.2078745587350568e-07, 2.6433656330482336e-07, 2.801048140099738e-07, 3.2382556014454167e-07, 4.700754629993753e-07, 6.916009169799509e-07, 8.99822282462992e-07, 9.781213066162309e-07, 9.832183422986418e-07, 1.0862619319595979e-06, 1.112501990974124e-06, 1.1973096434303443e-06, 1.6721276097086957e-06, 1.7539100554131437e-06, 2.7548076104721986e-06, 3.7057695863040863e-06, 5.974011855869321e-06, 7.0016549216234125e-06, 1.0571705388429109e-05, 0.0002960402343887836, 0.07661302387714386, 0.7799598574638367, 0.9001463651657104, 0.9209275841712952, 0.9981550574302673, 0.9992935657501221, 0.9993353486061096, 0.9997425675392151, 0.9998165965080261, 0.9999339580535889, 0.9999496936798096, 0.9999806880950928, 0.999985933303833, 0.9999936819076538, 0.9999947547912598, 0.9999997615814209, 1.0]}, "5": {"precision": [0.9629629629629629, 0.9615384615384616, 0.96, 0.9583333333333334, 0.9565217391304348, 0.9545454545454546, 0.9523809523809523, 0.95, 0.9473684210526315, 0.9444444444444444, 0.9411764705882353, 0.9375, 0.9333333333333333, 0.9285714285714286, 0.9230769230769231, 0.9166666666666666, 0.9090909090909091, 0.8888888888888888, 0.875, 0.8333333333333334, 1.0], "recall": [1.0, 0.9615384615384616, 0.9230769230769231, 0.8846153846153846, 0.8461538461538461, 0.8076923076923077, 0.7692307692307693, 0.7307692307692307, 0.6923076923076923, 0.6538461538461539, 0.6153846153846154, 0.5769230769230769, 0.5384615384615384, 0.5, 0.46153846153846156, 0.4230769230769231, 0.38461538461538464, 0.3076923076923077, 0.2692307692307692, 0.19230769230769232, 0.0], "thresholds": [0.8192571997642517, 0.9213626384735107, 0.9331890344619751, 0.9744978547096252, 0.9970604777336121, 0.9998835325241089, 0.9998966455459595, 0.9999396800994873, 0.999975323677063, 0.999983549118042, 0.999987006187439, 0.999993085861206, 0.999995231628418, 0.9999978542327881, 0.9999988079071045, 0.9999990463256836, 0.9999994039535522, 0.9999997615814209, 0.9999998807907104, 1.0]}, "3": {"precision": [0.9565217391304348, 0.9545454545454546, 1.0, 1.0, 1.0, 1.0, 1.0, 1.0, 1.0, 1.0, 1.0, 1.0, 1.0, 1.0, 1.0, 1.0, 1.0], "recall": [1.0, 0.9545454545454546, 0.9545454545454546, 0.9090909090909091, 0.8636363636363636, 0.8181818181818182, 0.7727272727272727, 0.7272727272727273, 0.6818181818181818, 0.6363636363636364, 0.5909090909090909, 0.5454545454545454, 0.5, 0.45454545454545453, 0.4090909090909091, 0.3181818181818182, 0.0], "thresholds": [0.09984733909368515, 0.22004011273384094, 0.9233862161636353, 0.9621977210044861, 0.9997034668922424, 0.9998949766159058, 0.9999914169311523, 0.9999938011169434, 0.9999946355819702, 0.9999972581863403, 0.9999982118606567, 0.9999985694885254, 0.9999986886978149, 0.999998927116394, 0.9999998807907104, 1.0]}, "2": {"precision": [1.0, 1.0, 1.0, 1.0], "recall": [1.0, 0.9285714285714286, 0.7142857142857143, 0.0], "thresholds": [0.9999854564666748, 0.9999997615814209, 1.0]}, "6": {"precision": [1.0, 1.0, 1.0, 1.0], "recall": [1.0, 0.8571428571428571, 0.7142857142857143, 0.0], "thresholds": [0.9885718822479248, 0.9999998807907104, 1.0]}, "7": {"precision": [1.0, 1.0, 1.0, 1.0, 1.0, 1.0], "recall": [1.0, 0.8, 0.6, 0.4, 0.2, 0.0], "thresholds": [0.9999562501907349, 0.9999842643737793, 0.999985933303833, 0.9999923706054688, 1.0]}, "0": {"precision": [1.0, 1.0], "recall": [1.0, 0.0], "thresholds": [1.0]}, "8": {"precision": [1.0, 1.0, 1.0, 1.0], "recall": [1.0, 0.8, 0.6, 0.0], "thresholds": [0.9999994039535522, 0.9999998807907104, 1.0]}, "9": {"precision": [1.0, 1.0], "recall": [1.0, 0.0], "thresholds": [1.0]}, "6.5": {"precision": [1.0, 1.0, 1.0, 1.0], "recall": [1.0, 0.6666666666666666, 0.3333333333333333, 0.0], "thresholds": [0.9999063014984131, 0.999980092048645, 0.9999897480010986]}}}}