{"Most_euphoric_ritual_frequency_for_ritual_specialist": {"class_counts": [["yearly", 47], ["not applicable", 5], ["seasonally", 4], ["once per generation", 3], ["monthly", 2], ["annually", 1], ["daily", 1], ["once in a lifetime", 1]], "avg_precision": 1.0, "avg_recall": 1.0, "avg_f1": 1.0, "avg_accuracy": 1.0, "weighted_precision": 1.0, "weighted_recall": 1.0, "weighted_f1": 1.0, "weighted_accuracy": 1.0, "class_precision": [1.0, 1.0, 1.0, 1.0, 1.0, 1.0, 1.0, 1.0], "class_recall": [1.0, 1.0, 1.0, 1.0, 1.0, 1.0, 1.0, 1.0], "class_f1": [1.0, 1.0, 1.0, 1.0, 1.0, 1.0, 1.0, 1.0], "class_accuracy": 1.0, "num_classes": 8, "num_applicable_rows": 64, "confusion_matrix": [["yearly", [["yearly", 47]]], ["not applicable", [["not applicable", 5]]], ["seasonally", [["seasonally", 4]]], ["once per generation", [["once per generation", 3]]], ["monthly", [["monthly", 2]]], ["annually", [["annually", 1]]], ["daily", [["daily", 1]]], ["once in a lifetime", [["once in a lifetime", 1]]]], "precision_recall_curves": {"yearly": {"precision": [1.0, 1.0, 1.0, 1.0, 1.0, 1.0, 1.0, 1.0, 1.0, 1.0, 1.0, 1.0, 1.0, 1.0, 1.0, 1.0, 1.0, 1.0, 1.0, 1.0, 1.0, 1.0, 1.0, 1.0, 1.0, 1.0], "recall": [1.0, 0.9787234042553191, 0.9574468085106383, 0.9361702127659575, 0.9148936170212766, 0.8936170212765957, 0.8723404255319149, 0.851063829787234, 0.8297872340425532, 0.8085106382978723, 0.7872340425531915, 0.7659574468085106, 0.7446808510638298, 0.6808510638297872, 0.6595744680851063, 0.6382978723404256, 0.6170212765957447, 0.5957446808510638, 0.574468085106383, 0.5319148936170213, 0.46808510638297873, 0.44680851063829785, 0.40425531914893614, 0.3617021276595745, 0.2765957446808511, 0.0], "thresholds": [0.999798595905304, 0.999826967716217, 0.9998956918716431, 0.999940037727356, 0.9999666213989258, 0.9999768733978271, 0.9999876022338867, 0.9999910593032837, 0.999991774559021, 0.9999922513961792, 0.9999926090240479, 0.9999963045120239, 0.9999972581863403, 0.9999973773956299, 0.9999974966049194, 0.9999977350234985, 0.9999978542327881, 0.9999982118606567, 0.9999983310699463, 0.9999984502792358, 0.999998927116394, 0.9999994039535522, 0.9999997615814209, 0.9999998807907104, 1.0]}, "not applicable": {"precision": [1.0, 1.0, 1.0, 1.0, 1.0], "recall": [1.0, 0.8, 0.6, 0.2, 0.0], "thresholds": [0.9999368190765381, 0.9999375343322754, 0.9999864101409912, 0.9999911785125732]}, "seasonally": {"precision": [1.0, 1.0, 1.0, 1.0, 1.0], "recall": [1.0, 0.75, 0.5, 0.25, 0.0], "thresholds": [0.9991818070411682, 0.9999239444732666, 0.9999362230300903, 0.9999990463256836]}, "once per generation": {"precision": [1.0, 1.0, 1.0, 1.0], "recall": [1.0, 0.6666666666666666, 0.3333333333333333, 0.0], "thresholds": [0.9997602105140686, 0.9999206066131592, 0.9999814033508301]}, "monthly": {"precision": [1.0, 1.0, 1.0], "recall": [1.0, 0.5, 0.0], "thresholds": [0.9999704360961914, 0.9999773502349854]}, "daily": {"precision": [1.0, 1.0], "recall": [1.0, 0.0], "thresholds": [0.9999476671218872]}, "once in a lifetime": {"precision": [1.0, 1.0], "recall": [1.0, 0.0], "thresholds": [0.9998666048049927]}, "annually": {"precision": [1.0, 1.0], "recall": [1.0, 0.0], "thresholds": [0.9998718500137329]}}}}