{"Most_euphoric_ritual_frequency_for_ritual_specialist": {"class_counts": [["yearly", 46], ["seasonally", 6], ["not applicable", 5], ["once per generation", 5], ["monthly", 2], ["annually", 1], ["once in a lifetime", 1]], "avg_precision": 1.0, "avg_recall": 1.0, "avg_f1": 1.0, "avg_accuracy": 1.0, "weighted_precision": 1.0, "weighted_recall": 1.0, "weighted_f1": 1.0, "weighted_accuracy": 1.0, "class_precision": [1.0, 1.0, 1.0, 1.0, 1.0, 1.0, 1.0], "class_recall": [1.0, 1.0, 1.0, 1.0, 1.0, 1.0, 1.0], "class_f1": [1.0, 1.0, 1.0, 1.0, 1.0, 1.0, 1.0], "class_accuracy": 1.0, "num_classes": 7, "num_applicable_rows": 66, "confusion_matrix": [["yearly", [["yearly", 46]]], ["seasonally", [["seasonally", 6]]], ["not applicable", [["not applicable", 5]]], ["once per generation", [["once per generation", 5]]], ["monthly", [["monthly", 2]]], ["annually", [["annually", 1]]], ["once in a lifetime", [["once in a lifetime", 1]]]], "precision_recall_curves": {"yearly": {"precision": [1.0, 1.0, 1.0, 1.0, 1.0, 1.0, 1.0, 1.0, 1.0], "recall": [1.0, 0.9782608695652174, 0.9565217391304348, 0.9347826086956522, 0.9130434782608695, 0.8913043478260869, 0.8260869565217391, 0.782608695652174, 0.0], "thresholds": [0.9999957084655762, 0.9999972581863403, 0.999997615814209, 0.9999990463256836, 0.9999994039535522, 0.9999997615814209, 0.9999998807907104, 1.0]}, "not applicable": {"precision": [1.0, 1.0, 1.0], "recall": [1.0, 0.6, 0.0], "thresholds": [0.9999974966049194, 1.0]}, "seasonally": {"precision": [1.0, 1.0, 1.0, 1.0, 1.0], "recall": [1.0, 0.8333333333333334, 0.6666666666666666, 0.5, 0.0], "thresholds": [0.9999854564666748, 0.9999961853027344, 0.999997615814209, 1.0]}, "once per generation": {"precision": [1.0, 1.0, 1.0, 1.0], "recall": [1.0, 0.8, 0.6, 0.0], "thresholds": [0.999993085861206, 0.9999996423721313, 1.0]}, "monthly": {"precision": [1.0, 1.0, 1.0], "recall": [1.0, 0.5, 0.0], "thresholds": [0.9999995231628418, 1.0]}, "once in a lifetime": {"precision": [1.0, 1.0], "recall": [1.0, 0.0], "thresholds": [0.9999924898147583]}, "annually": {"precision": [1.0, 1.0], "recall": [1.0, 0.0], "thresholds": [0.999996542930603]}}}}