{"Largest_communication_distance": {"class_counts": [["1300", 3], ["1032", 3], ["106", 2], ["940", 2], ["1000", 2], ["370", 2], ["1", 2], ["1400", 2], ["990", 2], ["not applicable", 2], ["730", 1], ["2580", 1], ["634", 1], ["1600", 1], ["700", 1], ["40", 1], ["2400", 1], ["325", 1], ["28.2", 1], ["1839", 1], ["400", 1], ["180", 1], ["250", 1], ["714", 1], ["500", 1], ["150", 1], ["1500", 1], ["430", 1], ["428", 1], ["11850", 1], ["1808", 1], ["1100", 1], ["586", 1]], "avg_precision": 0.8476190476190476, "avg_recall": 0.8476190476190476, "avg_f1": 0.8457142857142858, "avg_accuracy": 0.9111111111111111, "weighted_precision": 0.9185185185185184, "weighted_recall": 0.9111111111111111, "weighted_f1": 0.9111111111111111, "weighted_accuracy": 0.9111111111111111, "class_precision": [1.0, 1.0, 1.0, 1.0, 1.0, 1.0, 1.0, 0.6666666666666666, 1.0, 1.0, 1.0, 1.0, 0.0, 1.0, 1.0, 1.0, 1.0, 0.0, 1.0, 1.0, 0.0, 1.0, 1.0, 1.0, 1.0, 1.0, 1.0, 1.0, 1.0, 1.0, 1.0, 1.0, 1.0], "class_recall": [0.6666666666666666, 1.0, 1.0, 1.0, 1.0, 1.0, 1.0, 1.0, 1.0, 1.0, 1.0, 1.0, 0.0, 1.0, 1.0, 1.0, 1.0, 0.0, 1.0, 1.0, 0.0, 1.0, 1.0, 1.0, 1.0, 1.0, 1.0, 1.0, 1.0, 1.0, 1.0, 1.0, 1.0], "class_f1": [0.8, 1.0, 1.0, 1.0, 1.0, 1.0, 1.0, 0.8, 1.0, 1.0, 1.0, 1.0, 0.0, 1.0, 1.0, 1.0, 1.0, 0.0, 1.0, 1.0, 0.0, 1.0, 1.0, 1.0, 1.0, 1.0, 1.0, 1.0, 1.0, 1.0, 1.0, 1.0, 1.0], "class_accuracy": 0.9111111111111111, "num_classes": 33, "num_applicable_rows": 45, "confusion_matrix": [["1300", [["1300", 2], ["1400", 1]]], ["1032", [["1032", 3]]], ["106", [["106", 2]]], ["940", [["940", 2]]], ["1000", [["1000", 2]]], ["370", [["370", 2]]], ["1", [["1", 2]]], ["1400", [["1400", 2]]], ["990", [["990", 2]]], ["not applicable", [["not applicable", 2]]], ["730", [["730", 1]]], ["2580", [["2580", 1]]], ["634", [["750", 1]]], ["1600", [["1600", 1]]], ["700", [["700", 1]]], ["40", [["40", 1]]], ["2400", [["2400", 1]]], ["325", [["800", 1]]], ["28.2", [["28.2", 1]]], ["1839", [["1839", 1]]], ["400", [["800", 1]]], ["180", [["180", 1]]], ["250", [["250", 1]]], ["714", [["714", 1]]], ["500", [["500", 1]]], ["150", [["150", 1]]], ["1500", [["1500", 1]]], ["430", [["430", 1]]], ["428", [["428", 1]]], ["11850", [["11850", 1]]], ["1808", [["1808", 1]]], ["1100", [["1100", 1]]], ["586", [["586", 1]]]], "precision_recall_curves": {"700": {"precision": [1.0, 1.0], "recall": [1.0, 0.0], "thresholds": [0.998356282711029]}, "400": {"precision": [0.5, 0.0, 1.0], "recall": [1.0, 0.0, 0.0], "thresholds": [0.23636959493160248, 0.25150391459465027]}, "1300": {"precision": [1.0, 1.0, 1.0, 1.0], "recall": [1.0, 0.6666666666666666, 0.3333333333333333, 0.0], "thresholds": [0.46927857398986816, 0.603491485118866, 0.6880284547805786]}, "1032": {"precision": [1.0, 1.0, 1.0, 1.0], "recall": [1.0, 0.6666666666666666, 0.3333333333333333, 0.0], "thresholds": [0.9965416789054871, 0.996684730052948, 0.9973815083503723]}, "180": {"precision": [1.0, 1.0], "recall": [1.0, 0.0], "thresholds": [0.999681830406189]}, "1400": {"precision": [1.0, 1.0, 1.0], "recall": [1.0, 0.5, 0.0], "thresholds": [0.9521480202674866, 0.9783787727355957]}, "250": {"precision": [1.0, 1.0], "recall": [1.0, 0.0], "thresholds": [0.988872230052948]}, "150": {"precision": [1.0, 1.0], "recall": [1.0, 0.0], "thresholds": [0.9826210141181946]}, "1000": {"precision": [1.0, 1.0, 1.0], "recall": [1.0, 0.5, 0.0], "thresholds": [0.8733635544776917, 0.9209439754486084]}, "1500": {"precision": [1.0, 1.0], "recall": [1.0, 0.0], "thresholds": [0.499999463558197]}, "not applicable": {"precision": [1.0, 1.0, 1.0], "recall": [1.0, 0.5, 0.0], "thresholds": [0.9844080805778503, 0.9907448887825012]}, "325": {"precision": [1.0, 1.0], "recall": [1.0, 0.0], "thresholds": [0.36330199241638184]}, "714": {"precision": [1.0, 1.0], "recall": [1.0, 0.0], "thresholds": [0.8735172748565674]}, "1": {"precision": [1.0, 1.0, 1.0], "recall": [1.0, 0.5, 0.0], "thresholds": [0.9932485818862915, 0.9938772320747375]}, "1600": {"precision": [1.0, 1.0], "recall": [1.0, 0.0], "thresholds": [0.9747493267059326]}, "370": {"precision": [1.0, 1.0, 1.0], "recall": [1.0, 0.5, 0.0], "thresholds": [0.9967963099479675, 0.9987574815750122]}, "730": {"precision": [1.0, 1.0], "recall": [1.0, 0.0], "thresholds": [0.9868725538253784]}, "940": {"precision": [1.0, 1.0, 1.0], "recall": [1.0, 0.5, 0.0], "thresholds": [0.8875767588615417, 0.9158546924591064]}, "106": {"precision": [1.0, 1.0, 1.0], "recall": [1.0, 0.5, 0.0], "thresholds": [0.9873303174972534, 0.9941441416740417]}, "990": {"precision": [1.0, 1.0, 1.0], "recall": [1.0, 0.5, 0.0], "thresholds": [0.9846285581588745, 0.9866993427276611]}, "634": {"precision": [0.022222222222222223, 0.0, 0.0, 0.0, 0.0, 0.0, 0.0, 0.0, 0.0, 0.0, 0.0, 0.0, 0.0, 0.0, 0.0, 0.0, 0.0, 0.0, 0.0, 0.0, 0.0, 0.0, 0.0, 0.0, 0.0, 0.0, 0.0, 0.0, 0.0, 0.0, 0.0, 0.0, 0.0, 0.0, 0.0, 0.0, 0.0, 0.0, 0.0, 0.0, 0.0, 0.0, 0.0, 0.0, 0.0, 1.0], "recall": [1.0, 0.0, 0.0, 0.0, 0.0, 0.0, 0.0, 0.0, 0.0, 0.0, 0.0, 0.0, 0.0, 0.0, 0.0, 0.0, 0.0, 0.0, 0.0, 0.0, 0.0, 0.0, 0.0, 0.0, 0.0, 0.0, 0.0, 0.0, 0.0, 0.0, 0.0, 0.0, 0.0, 0.0, 0.0, 0.0, 0.0, 0.0, 0.0, 0.0, 0.0, 0.0, 0.0, 0.0, 0.0, 0.0], "thresholds": [0.0, 1.7454497049096407e-12, 4.142180088512193e-12, 3.749979840539375e-11, 4.0021642250254175e-11, 7.09134070908668e-11, 4.3714779018877437e-10, 9.420897395528982e-10, 3.99456201449766e-09, 7.111551667549065e-07, 1.1294841897324659e-06, 1.3901897091272986e-06, 1.3933089348938665e-06, 2.5515546440146863e-06, 2.812941829688498e-06, 3.080958322243532e-06, 7.801833817211445e-06, 9.820158993534278e-06, 1.157689439423848e-05, 1.797082950361073e-05, 2.0071171093150042e-05, 2.406117710052058e-05, 2.8533071599667892e-05, 3.0897757824277505e-05, 3.559307151590474e-05, 4.359988452051766e-05, 4.465220990823582e-05, 4.7098001232370734e-05, 5.3419440519064665e-05, 5.6827782827895135e-05, 6.384494190569967e-05, 6.88677973812446e-05, 0.00011126147001050413, 0.0001354393461951986, 0.00014430614828597754, 0.00019598235667217523, 0.0002641241007950157, 0.0003364401054568589, 0.0004897634498775005, 0.0004950197762809694, 0.0006628347910009325, 0.0009159211185760796, 0.00134519231505692, 0.0018723990069702268, 0.003311984008178115]}, "586": {"precision": [1.0, 1.0], "recall": [1.0, 0.0], "thresholds": [0.9452731013298035]}, "40": {"precision": [1.0, 1.0], "recall": [1.0, 0.0], "thresholds": [0.8437530398368835]}, "1100": {"precision": [1.0, 1.0], "recall": [1.0, 0.0], "thresholds": [0.7904185652732849]}, "428": {"precision": [1.0, 1.0], "recall": [1.0, 0.0], "thresholds": [0.9667195081710815]}, "430": {"precision": [1.0, 1.0], "recall": [1.0, 0.0], "thresholds": [0.9691387414932251]}, "1808": {"precision": [1.0, 1.0], "recall": [1.0, 0.0], "thresholds": [0.6391307711601257]}, "2400": {"precision": [1.0, 1.0], "recall": [1.0, 0.0], "thresholds": [0.779273271560669]}, "11850": {"precision": [1.0, 1.0], "recall": [1.0, 0.0], "thresholds": [0.7802672386169434]}, "1839": {"precision": [1.0, 1.0], "recall": [1.0, 0.0], "thresholds": [0.7198563814163208]}, "2580": {"precision": [1.0, 1.0], "recall": [1.0, 0.0], "thresholds": [0.6547584533691406]}, "28.2": {"precision": [1.0, 1.0], "recall": [1.0, 0.0], "thresholds": [0.899133563041687]}, "500": {"precision": [1.0, 1.0], "recall": [1.0, 0.0], "thresholds": [0.8167933225631714]}}}}